"","x"
"1",0.335
"2",0.640540540540541
"3",0.640540540540541
"4",0.640540540540541
"5",0.606428571428572
"6",0.56775
"7",0.56775
"8",0.475673076923077
"9",0.475673076923077
"10",0.475673076923077
"11",0.452017167381974
"12",0.454840989399293
"13",0.444869565217391
"14",0.444869565217391
"15",0.444869565217391
"16",0.444869565217391
"17",0.335
"18",0.637272727272727
"19",0.545299145299145
"20",0.540418848167539
"21",0.543432835820896
"22",0.492013888888889
"23",0.49794701986755
"24",0.49794701986755
"25",0.49794701986755
"26",0.49794701986755
"27",0.49794701986755
"28",0.4946
"29",0.497786458333333
"30",0.511926605504587
"31",0.491395793499044
"32",0.48384476534296
"33",0.335
"34",0.445833333333333
"35",0.445833333333333
"36",0.3483
"37",0.360576923076923
"38",0.360576923076923
"39",0.360576923076923
"40",0.381395348837209
"41",0.381395348837209
"42",0.381395348837209
"43",0.391
"44",0.391
"45",0.400900900900901
"46",0.411070110701107
"47",0.411070110701107
"48",0.414311926605505
"49",0.335
"50",0.357931034482759
"51",0.357931034482759
"52",0.399354838709677
"53",0.399354838709677
"54",0.399354838709677
"55",0.397735849056604
"56",0.411311475409836
"57",0.411311475409836
"58",0.379831460674157
"59",0.399734513274336
"60",0.416330935251798
"61",0.416330935251798
"62",0.398712574850299
"63",0.398712574850299
"64",0.398712574850299
"65",0.335
"66",0.335
"67",0.198977272727273
"68",0.198977272727273
"69",0.198977272727273
"70",0.198977272727273
"71",0.198977272727273
"72",0.282222222222222
"73",0.306086956521739
"74",0.306086956521739
"75",0.315843621399177
"76",0.335
"77",0.335
"78",0.335
"79",0.335
"80",0.335
"81",0.335
"82",0.335
"83",0.81
"84",0.613870967741936
"85",0.449655172413793
"86",0.39352
"87",0.39352
"88",0.372359550561798
"89",0.349270386266094
"90",0.349270386266094
"91",0.349270386266094
"92",0.349270386266094
"93",0.349270386266094
"94",0.320647482014388
"95",0.309039039039039
"96",0.310880829015544
"97",0.335
"98",0.335
"99",0.6675
"100",0.6675
"101",0.418125
"102",0.418125
"103",0.357166666666667
"104",0.357166666666667
"105",0.372173913043478
"106",0.372173913043478
"107",0.372173913043478
"108",0.388918918918919
"109",0.388918918918919
"110",0.413435897435897
"111",0.435044247787611
"112",0.450332103321033
"113",0.335
"114",0.335
"115",0.512333333333333
"116",0.512333333333333
"117",0.512333333333333
"118",0.512333333333333
"119",0.491470588235294
"120",0.491470588235294
"121",0.453424657534247
"122",0.524
"123",0.524
"124",0.517433628318584
"125",0.48679347826087
"126",0.48679347826087
"127",0.48679347826087
"128",0.48679347826087
"129",0.335
"130",0.335
"131",0.72
"132",0.575531914893617
"133",0.575531914893617
"134",0.575531914893617
"135",0.465392156862745
"136",0.458983050847458
"137",0.441958041958042
"138",0.441958041958042
"139",0.441958041958042
"140",0.441958041958042
"141",0.441958041958042
"142",0.441958041958042
"143",0.441958041958042
"144",0.409642857142857
"145",0.335
"146",0.379333333333333
"147",0.41609756097561
"148",0.353472222222222
"149",0.353472222222222
"150",0.353472222222222
"151",0.353472222222222
"152",0.353472222222222
"153",0.34264367816092
"154",0.337607843137255
"155",0.355030120481928
"156",0.3665
"157",0.386818181818182
"158",0.386818181818182
"159",0.369738805970149
"160",0.369738805970149
"161",0.335
"162",0.601
"163",0.601
"164",0.509166666666667
"165",0.509166666666667
"166",0.509166666666667
"167",0.509166666666667
"168",0.472865853658537
"169",0.49938202247191
"170",0.485733333333333
"171",0.464688796680498
"172",0.490743494423792
"173",0.50125
"174",0.50125
"175",0.50125
"176",0.51207100591716
"177",0.335
"178",0.392
"179",0.392
"180",0.521797752808989
"181",0.540093457943925
"182",0.510486111111111
"183",0.510486111111111
"184",0.490454545454546
"185",0.472721893491124
"186",0.472721893491124
"187",0.449441860465116
"188",0.449441860465116
"189",0.449441860465116
"190",0.470254237288136
"191",0.470254237288136
"192",0.470254237288136
"193",0.335
"194",0.335
"195",0.335
"196",0.335
"197",0.23
"198",0.23
"199",0.23
"200",0.23
"201",0.34320987654321
"202",0.28
"203",0.28
"204",0.317219251336898
"205",0.35606334841629
"206",0.352177121771218
"207",0.352177121771218
"208",0.358415492957746
"209",0.335
"210",0.335
"211",0.335
"212",0.522564102564103
"213",0.561382978723404
"214",0.533333333333333
"215",0.533333333333333
"216",0.533333333333333
"217",0.528368794326241
"218",0.528368794326241
"219",0.51207100591716
"220",0.51207100591716
"221",0.51207100591716
"222",0.503945945945946
"223",0.480833333333333
"224",0.480833333333333
"225",0.335
"226",0.419295774647887
"227",0.453084112149533
"228",0.453084112149533
"229",0.453084112149533
"230",0.453084112149533
"231",0.453084112149533
"232",0.453084112149533
"233",0.421739130434783
"234",0.421739130434783
"235",0.432054054054054
"236",0.453347457627119
"237",0.414612676056338
"238",0.414612676056338
"239",0.412727272727273
"240",0.412727272727273
"241",0.335
"242",0.335
"243",0.39135593220339
"244",0.39135593220339
"245",0.39135593220339
"246",0.39135593220339
"247",0.39135593220339
"248",0.438444444444444
"249",0.4148
"250",0.399734513274336
"251",0.399734513274336
"252",0.40596837944664
"253",0.420870870870871
"254",0.420870870870871
"255",0.420870870870871
"256",0.420870870870871
"257",0.335
"258",0.346666666666667
"259",0.329115044247788
"260",0.329115044247788
"261",0.329115044247788
"262",0.329115044247788
"263",0.329115044247788
"264",0.329115044247788
"265",0.34375
"266",0.328605769230769
"267",0.312243346007605
"268",0.312243346007605
"269",0.315296296296296
"270",0.315296296296296
"271",0.315296296296296
"272",0.300215384615385
"273",0.335
"274",0.442837837837838
"275",0.442837837837838
"276",0.442837837837838
"277",0.369481481481481
"278",0.369481481481481
"279",0.369481481481481
"280",0.357272727272727
"281",0.368813559322034
"282",0.367638036809816
"283",0.374820359281437
"284",0.385666666666667
"285",0.385666666666667
"286",0.391400394477318
"287",0.386683937823834
"288",0.389789983844911
"289",0.335
"290",0.335
"291",0.50125
"292",0.421739130434783
"293",0.451111111111111
"294",0.391155555555556
"295",0.386470588235294
"296",0.395770234986945
"297",0.390556962025316
"298",0.390556962025316
"299",0.395730593607306
"300",0.373532710280374
"301",0.376898222940226
"302",0.376123680241327
"303",0.387664429530201
"304",0.389058064516129
"305",0.335
"306",0.335
"307",0.464029850746269
"308",0.407810218978102
"309",0.407810218978102
"310",0.413478260869565
"311",0.378648648648649
"312",0.370793201133144
"313",0.387069351230425
"314",0.415843137254902
"315",0.415105162523901
"316",0.415279279279279
"317",0.40815
"318",0.411413043478261
"319",0.411413043478261
"320",0.418712871287129
"321",0.335
"322",0.335
"323",0.380862068965517
"324",0.323333333333333
"325",0.324274193548387
"326",0.370945945945946
"327",0.370945945945946
"328",0.349301075268817
"329",0.378504672897196
"330",0.378504672897196
"331",0.4
"332",0.39695652173913
"333",0.386153846153846
"334",0.382956730769231
"335",0.382956730769231
"336",0.408262711864407
"337",0.335
"338",0.556666666666667
"339",0.556666666666667
"340",0.460810810810811
"341",0.460810810810811
"342",0.252481751824818
"343",0.276666666666667
"344",0.286459854014599
"345",0.3008
"346",0.323995271867612
"347",0.323995271867612
"348",0.330371229698376
"349",0.330371229698376
"350",0.330371229698376
"351",0.333683168316832
"352",0.333683168316832
"353",0.335
"354",0.335
"355",0.335
"356",0.525
"357",0.475
"358",0.355461538461538
"359",0.381180555555556
"360",0.381180555555556
"361",0.388505747126437
"362",0.410173913043478
"363",0.410173913043478
"364",0.410173913043478
"365",0.411730769230769
"366",0.398132911392405
"367",0.394730538922156
"368",0.394730538922156
"369",0.335
"370",0.335
"371",0.335
"372",0.335
"373",0.335
"374",0.440654205607477
"375",0.470162601626016
"376",0.470162601626016
"377",0.486850393700787
"378",0.506754966887417
"379",0.506754966887417
"380",0.506754966887417
"381",0.506754966887417
"382",0.49551724137931
"383",0.481614173228346
"384",0.477333333333333
"385",0.335
"386",0.432533333333333
"387",0.432533333333333
"388",0.432533333333333
"389",0.432533333333333
"390",0.432533333333333
"391",0.413235294117647
"392",0.413235294117647
"393",0.413235294117647
"394",0.413235294117647
"395",0.376049382716049
"396",0.396701030927835
"397",0.376049382716049
"398",0.376049382716049
"399",0.308818897637795
"400",0.31785100286533
"401",0.335
"402",0.335
"403",0.386153846153846
"404",0.352051282051282
"405",0.434042553191489
"406",0.401946308724832
"407",0.401946308724832
"408",0.383658536585366
"409",0.391538461538462
"410",0.403488372093023
"411",0.368623595505618
"412",0.376347150259067
"413",0.364053398058252
"414",0.364053398058252
"415",0.376295503211992
"416",0.38022
"417",0.335
"418",0.307857142857143
"419",0.307857142857143
"420",0.307857142857143
"421",0.307857142857143
"422",0.307857142857143
"423",0.307857142857143
"424",0.34320987654321
"425",0.349910313901345
"426",0.349910313901345
"427",0.354
"428",0.354
"429",0.354
"430",0.357584905660377
"431",0.357584905660377
"432",0.357584905660377
"433",0.335
"434",0.335
"435",0.335
"436",0.374117647058824
"437",0.415606060606061
"438",0.415606060606061
"439",0.373471074380165
"440",0.374117647058824
"441",0.392251655629139
"442",0.388918918918919
"443",0.418823529411765
"444",0.409897610921502
"445",0.409897610921502
"446",0.409897610921502
"447",0.412325581395349
"448",0.418125
"449",0.335
"450",0.335
"451",0.335
"452",0.335
"453",0.335
"454",0.335
"455",0.335
"456",0.364555555555556
"457",0.330074074074074
"458",0.330074074074074
"459",0.330074074074074
"460",0.330074074074074
"461",0.374540540540541
"462",0.384
"463",0.40056338028169
"464",0.40056338028169
"465",0.335
"466",0.335
"467",0.335
"468",0.177818181818182
"469",0.177818181818182
"470",0.177818181818182
"471",0.177818181818182
"472",0.177818181818182
"473",0.188474576271187
"474",0.328666666666667
"475",0.318164556962025
"476",0.318164556962025
"477",0.318164556962025
"478",0.327692307692308
"479",0.327692307692308
"480",0.304135021097046
"481",0.335
"482",0.6675
"483",0.532037037037037
"484",0.532037037037037
"485",0.499724770642202
"486",0.499724770642202
"487",0.525826086956522
"488",0.543432835820896
"489",0.539034090909091
"490",0.516363636363636
"491",0.516363636363636
"492",0.516363636363636
"493",0.516363636363636
"494",0.516363636363636
"495",0.516363636363636
"496",0.528406374501992
"497",0.335
"498",0.612083333333333
"499",0.612083333333333
"500",0.612083333333333
"501",0.612083333333333
"502",0.5428125
"503",0.562739726027397
"504",0.562739726027397
"505",0.562739726027397
"506",0.552636363636364
"507",0.50316091954023
"508",0.488461538461539
"509",0.443684210526316
"510",0.452166666666667
"511",0.452166666666667
"512",0.455361990950226
"513",0.335
"514",0.335
"515",0.613090909090909
"516",0.607540983606558
"517",0.529913793103448
"518",0.436705882352941
"519",0.435377358490566
"520",0.435377358490566
"521",0.422172284644195
"522",0.422172284644195
"523",0.418647798742138
"524",0.408096514745308
"525",0.408096514745308
"526",0.409929577464789
"527",0.409929577464789
"528",0.39997920997921
"529",0.335
"530",0.397066666666667
"531",0.397066666666667
"532",0.379932432432432
"533",0.379932432432432
"534",0.393924050632911
"535",0.433238636363636
"536",0.441813471502591
"537",0.423014705882353
"538",0.4072
"539",0.419576059850374
"540",0.42527149321267
"541",0.429159292035398
"542",0.433114754098361
"543",0.429326241134752
"544",0.421107644305772
"545",0.335
"546",0.335
"547",0.335
"548",0.335
"549",0.335
"550",0.335
"551",0.335
"552",0.335
"553",0.335
"554",0.316527777777778
"555",0.316527777777778
"556",0.316527777777778
"557",0.316527777777778
"558",0.316527777777778
"559",0.316527777777778
"560",0.316527777777778
"561",0.335
"562",0.335
"563",0.449655172413793
"564",0.449655172413793
"565",0.449655172413793
"566",0.449191919191919
"567",0.449191919191919
"568",0.468
"569",0.4604
"570",0.481818181818182
"571",0.455909090909091
"572",0.426656891495601
"573",0.426656891495601
"574",0.426656891495601
"575",0.435307262569832
"576",0.435307262569832
"577",0.335
"578",0.335
"579",0.232692307692308
"580",0.232692307692308
"581",0.300897435897436
"582",0.323977900552486
"583",0.323977900552486
"584",0.351219512195122
"585",0.33975
"586",0.335
"587",0.326085790884719
"588",0.326085790884719
"589",0.326085790884719
"590",0.340859030837004
"591",0.355151515151515
"592",0.344859967051071
"593",0.335
"594",0.452352941176471
"595",0.588909090909091
"596",0.520720720720721
"597",0.459939393939394
"598",0.459939393939394
"599",0.447351598173516
"600",0.458327272727273
"601",0.464756097560976
"602",0.464756097560976
"603",0.464756097560976
"604",0.451284153005464
"605",0.453864734299517
"606",0.459497716894977
"607",0.466923076923077
"608",0.459149722735675
"609",0.335
"610",0.335
"611",0.418125
"612",0.370534351145038
"613",0.360909090909091
"614",0.354444444444444
"615",0.354444444444444
"616",0.349301075268817
"617",0.349301075268817
"618",0.349301075268817
"619",0.376194690265487
"620",0.376194690265487
"621",0.376194690265487
"622",0.376194690265487
"623",0.394212328767123
"624",0.410568181818182
"625",0.335
"626",0.335
"627",0.276666666666667
"628",0.276666666666667
"629",0.276666666666667
"630",0.314848484848485
"631",0.314848484848485
"632",0.314848484848485
"633",0.314848484848485
"634",0.36825
"635",0.383188405797102
"636",0.383188405797102
"637",0.393924050632911
"638",0.390934579439252
"639",0.390934579439252
"640",0.352434456928839
"641",0.335
"642",0.335
"643",0.42025641025641
"644",0.42025641025641
"645",0.490373831775701
"646",0.452760416666667
"647",0.451189591078067
"648",0.45375
"649",0.455909090909091
"650",0.442445414847162
"651",0.453943089430894
"652",0.460121951219512
"653",0.448536585365854
"654",0.4471
"655",0.450196850393701
"656",0.447924528301887
"657",0.335
"658",0.335
"659",0.380862068965517
"660",0.36593023255814
"661",0.36593023255814
"662",0.398608695652174
"663",0.422083333333333
"664",0.4376
"665",0.423870967741936
"666",0.423870967741936
"667",0.431412639405204
"668",0.445457627118644
"669",0.458148148148148
"670",0.452352941176471
"671",0.452352941176471
"672",0.452352941176471
"673",0.335
"674",0.335
"675",0.335
"676",0.556666666666667
"677",0.395454545454545
"678",0.395454545454545
"679",0.395454545454545
"680",0.411730769230769
"681",0.387673267326733
"682",0.4003125
"683",0.3616
"684",0.367025495750708
"685",0.384322250639386
"686",0.384322250639386
"687",0.354340044742729
"688",0.354340044742729
"689",0.335
"690",0.335
"691",0.335
"692",0.421739130434783
"693",0.421739130434783
"694",0.372464788732394
"695",0.360468085106383
"696",0.370534351145038
"697",0.370534351145038
"698",0.370534351145038
"699",0.3765625
"700",0.39135593220339
"701",0.378101851851852
"702",0.393716632443532
"703",0.395235507246377
"704",0.40173835125448
"705",0.335
"706",0.335
"707",0.335
"708",0.335
"709",0.24
"710",0.290666666666667
"711",0.340683760683761
"712",0.342732558139535
"713",0.342732558139535
"714",0.342732558139535
"715",0.342732558139535
"716",0.342732558139535
"717",0.342732558139535
"718",0.381666666666667
"719",0.385781818181818
"720",0.403144876325088
"721",0.335
"722",0.590769230769231
"723",0.384875
"724",0.384875
"725",0.433851351351351
"726",0.404477611940299
"727",0.419636363636364
"728",0.423811074918567
"729",0.428592592592593
"730",0.428592592592593
"731",0.425416666666667
"732",0.424647887323944
"733",0.428291366906475
"734",0.428291366906475
"735",0.428291366906475
"736",0.424359375
"737",0.335
"738",0.380862068965517
"739",0.380862068965517
"740",0.380862068965517
"741",0.380862068965517
"742",0.393676470588235
"743",0.393676470588235
"744",0.43475
"745",0.43475
"746",0.43475
"747",0.414402985074627
"748",0.414402985074627
"749",0.414402985074627
"750",0.448536585365854
"751",0.416556603773585
"752",0.411311475409836
"753",0.335
"754",0.335
"755",0.335
"756",0.411
"757",0.377222222222222
"758",0.377222222222222
"759",0.405933333333333
"760",0.405933333333333
"761",0.405411764705882
"762",0.405411764705882
"763",0.408888888888889
"764",0.408888888888889
"765",0.418125
"766",0.418125
"767",0.415177304964539
"768",0.415177304964539
"769",0.335
"770",0.335
"771",0.5212
"772",0.49493670886076
"773",0.44
"774",0.44
"775",0.432657342657343
"776",0.470785340314136
"777",0.470785340314136
"778",0.470785340314136
"779",0.480975609756098
"780",0.480975609756098
"781",0.494806201550388
"782",0.494806201550388
"783",0.494806201550388
"784",0.469710610932476
"785",0.335
"786",0.335
"787",0.418125
"788",0.3765625
"789",0.369442231075697
"790",0.377147887323944
"791",0.356
"792",0.363098591549296
"793",0.363098591549296
"794",0.366810933940775
"795",0.35724907063197
"796",0.355087440381558
"797",0.355087440381558
"798",0.364442748091603
"799",0.364442748091603
"800",0.36692
"801",0.335
"802",0.335
"803",0.471911764705882
"804",0.471911764705882
"805",0.480331125827815
"806",0.449467213114754
"807",0.457979452054795
"808",0.451111111111111
"809",0.439809782608696
"810",0.440363636363636
"811",0.444089887640449
"812",0.428045267489712
"813",0.446245353159851
"814",0.46009900990099
"815",0.46009900990099
"816",0.450917431192661
"817",0.335
"818",0.335
"819",0.335
"820",0.335
"821",0.335
"822",0.317652173913044
"823",0.317652173913044
"824",0.366666666666667
"825",0.366666666666667
"826",0.366666666666667
"827",0.366666666666667
"828",0.356923076923077
"829",0.356923076923077
"830",0.361868686868687
"831",0.396991525423729
"832",0.396991525423729
"833",0.335
"834",0.43
"835",0.303333333333333
"836",0.319770992366412
"837",0.319770992366412
"838",0.319770992366412
"839",0.319770992366412
"840",0.319770992366412
"841",0.319770992366412
"842",0.342074468085106
"843",0.37224
"844",0.400444444444445
"845",0.413898305084746
"846",0.37811394891945
"847",0.37811394891945
"848",0.364529307282416
"849",0.335
"850",0.146792452830189
"851",0.146792452830189
"852",0.146792452830189
"853",0.150277777777778
"854",0.150277777777778
"855",0.179833333333333
"856",0.208150289017341
"857",0.23
"858",0.254741379310345
"859",0.282076124567474
"860",0.305575221238938
"861",0.321497461928934
"862",0.322333333333333
"863",0.327970401691332
"864",0.322405303030303
"865",0.335
"866",0.335
"867",0.335
"868",0.408888888888889
"869",0.421203703703704
"870",0.38172972972973
"871",0.38003984063745
"872",0.408888888888889
"873",0.399037037037037
"874",0.389002320185615
"875",0.389002320185615
"876",0.392505543237251
"877",0.392505543237251
"878",0.393134328358209
"879",0.402857142857143
"880",0.405111821086262
"881",0.335
"882",0.335
"883",0.335
"884",0.4775
"885",0.4775
"886",0.4775
"887",0.448828828828829
"888",0.441176470588235
"889",0.46986013986014
"890",0.4925
"891",0.414248704663212
"892",0.414248704663212
"893",0.412583333333333
"894",0.429326241134752
"895",0.431887417218543
"896",0.457597765363129
"897",0.335
"898",0.399878048780488
"899",0.399878048780488
"900",0.399878048780488
"901",0.346804733727811
"902",0.346804733727811
"903",0.350229007633588
"904",0.350229007633588
"905",0.350229007633588
"906",0.350229007633588
"907",0.350229007633588
"908",0.362063953488372
"909",0.36258064516129
"910",0.36258064516129
"911",0.36258064516129
"912",0.36258064516129
"913",0.335
"914",0.335
"915",0.4015
"916",0.433114754098361
"917",0.408888888888889
"918",0.440891719745223
"919",0.405888324873097
"920",0.401212121212121
"921",0.374666666666667
"922",0.374666666666667
"923",0.374666666666667
"924",0.374666666666667
"925",0.374666666666667
"926",0.378029411764706
"927",0.368435754189944
"928",0.384259259259259
"929",0.335
"930",0.243275862068966
"931",0.243275862068966
"932",0.293805309734513
"933",0.335
"934",0.323125
"935",0.323125
"936",0.3084
"937",0.3084
"938",0.3084
"939",0.322452830188679
"940",0.322452830188679
"941",0.338778409090909
"942",0.35046511627907
"943",0.35046511627907
"944",0.35046511627907
"945",0.335
"946",0.507407407407408
"947",0.507407407407408
"948",0.491470588235294
"949",0.493333333333333
"950",0.50125
"951",0.49719512195122
"952",0.500592885375494
"953",0.454550561797753
"954",0.454550561797753
"955",0.462758620689655
"956",0.446056338028169
"957",0.413300165837479
"958",0.418989598811293
"959",0.42589928057554
"960",0.424864864864865
"961",0.335
"962",0.44
"963",0.485733333333333
"964",0.485733333333333
"965",0.485733333333333
"966",0.471204819277108
"967",0.435467625899281
"968",0.435467625899281
"969",0.418125
"970",0.425539906103286
"971",0.409440298507463
"972",0.409440298507463
"973",0.409440298507463
"974",0.409440298507463
"975",0.409440298507463
"976",0.403645161290323
"977",0.335
"978",0.371944444444444
"979",0.371944444444444
"980",0.371944444444444
"981",0.371944444444444
"982",0.4015
"983",0.413791469194313
"984",0.420371621621622
"985",0.429387096774194
"986",0.431169230769231
"987",0.446158357771261
"988",0.455139949109415
"989",0.442531914893617
"990",0.439865384615385
"991",0.414886363636364
"992",0.420651230101302
"993",0.335
"994",0.335
"995",0.335
"996",0.335
"997",0.335
"998",0.335
"999",0.335
"1000",0.3825
"1001",0.360162162162162
"1002",0.365227272727273
"1003",0.365227272727273
"1004",0.381142857142857
"1005",0.379333333333333
"1006",0.379333333333333
"1007",0.379333333333333
"1008",0.375111111111111
"1009",0.335
"1010",0.335
"1011",0.335
"1012",0.4575
"1013",0.470860215053763
"1014",0.4414
"1015",0.39675
"1016",0.374934725848564
"1017",0.378686131386861
"1018",0.378686131386861
"1019",0.381958997722096
"1020",0.35962962962963
"1021",0.3451269035533
"1022",0.3451269035533
"1023",0.354349157733538
"1024",0.354454787234043
"1025",0.335
"1026",0.335
"1027",0.335
"1028",0.389764705882353
"1029",0.335
"1030",0.335
"1031",0.335
"1032",0.335
"1033",0.335
"1034",0.338934911242604
"1035",0.293110236220472
"1036",0.293110236220472
"1037",0.293110236220472
"1038",0.302718446601942
"1039",0.314848484848485
"1040",0.314848484848485
"1041",0.335
"1042",0.335
"1043",0.335
"1044",0.290666666666667
"1045",0.290666666666667
"1046",0.290666666666667
"1047",0.290666666666667
"1048",0.290666666666667
"1049",0.290666666666667
"1050",0.290666666666667
"1051",0.32536231884058
"1052",0.357542372881356
"1053",0.357542372881356
"1054",0.270903614457831
"1055",0.270903614457831
"1056",0.289032258064516
"1057",0.335
"1058",0.50125
"1059",0.50125
"1060",0.50125
"1061",0.50125
"1062",0.586621621621622
"1063",0.594512195121951
"1064",0.573883495145631
"1065",0.548301886792453
"1066",0.573162790697674
"1067",0.573162790697674
"1068",0.512333333333333
"1069",0.512333333333333
"1070",0.5275
"1071",0.49938202247191
"1072",0.505721271393643
"1073",0.335
"1074",0.421739130434783
"1075",0.39734375
"1076",0.39734375
"1077",0.378284023668639
"1078",0.378284023668639
"1079",0.371034482758621
"1080",0.390197628458498
"1081",0.395454545454545
"1082",0.411
"1083",0.411
"1084",0.411
"1085",0.411
"1086",0.411
"1087",0.391809045226131
"1088",0.391809045226131
"1089",0.335
"1090",0.556666666666667
"1091",0.556666666666667
"1092",0.582
"1093",0.424123711340206
"1094",0.425096774193548
"1095",0.403983402489627
"1096",0.43070110701107
"1097",0.413829787234043
"1098",0.423541076487252
"1099",0.423541076487252
"1100",0.424697674418605
"1101",0.424697674418605
"1102",0.424697674418605
"1103",0.424697674418605
"1104",0.424697674418605
"1105",0.335
"1106",0.335
"1107",0.335
"1108",0.274545454545455
"1109",0.310963855421687
"1110",0.310963855421687
"1111",0.315247524752475
"1112",0.347870967741935
"1113",0.347870967741935
"1114",0.347870967741935
"1115",0.347870967741935
"1116",0.293236714975845
"1117",0.293236714975845
"1118",0.30392523364486
"1119",0.318093220338983
"1120",0.321145833333333
"1121",0.335
"1122",0.437307692307692
"1123",0.437307692307692
"1124",0.474567901234568
"1125",0.465257731958763
"1126",0.493805970149254
"1127",0.493805970149254
"1128",0.493805970149254
"1129",0.493805970149254
"1130",0.493805970149254
"1131",0.493805970149254
"1132",0.50125
"1133",0.478693467336683
"1134",0.4414
"1135",0.44875
"1136",0.44875
"1137",0.335
"1138",0.354
"1139",0.357415730337079
"1140",0.370752688172043
"1141",0.370752688172043
"1142",0.370752688172043
"1143",0.370752688172043
"1144",0.370752688172043
"1145",0.370752688172043
"1146",0.360381679389313
"1147",0.3464
"1148",0.3464
"1149",0.4017903930131
"1150",0.4017903930131
"1151",0.41599358974359
"1152",0.41080310880829
"1153",0.335
"1154",0.525
"1155",0.5428125
"1156",0.34264367816092
"1157",0.34264367816092
"1158",0.306901408450704
"1159",0.342
"1160",0.342
"1161",0.356626016260163
"1162",0.356626016260163
"1163",0.356626016260163
"1164",0.3765625
"1165",0.3765625
"1166",0.367491856677524
"1167",0.367491856677524
"1168",0.367491856677524
"1169",0.335
"1170",0.346271186440678
"1171",0.344366197183099
"1172",0.410872483221476
"1173",0.410872483221476
"1174",0.410872483221476
"1175",0.424864864864865
"1176",0.424864864864865
"1177",0.424864864864865
"1178",0.424864864864865
"1179",0.424864864864865
"1180",0.433636363636364
"1181",0.435205479452055
"1182",0.425681818181818
"1183",0.425681818181818
"1184",0.406789772727273
"1185",0.335
"1186",0.335
"1187",0.3084
"1188",0.399878048780488
"1189",0.399878048780488
"1190",0.399878048780488
"1191",0.32679012345679
"1192",0.32679012345679
"1193",0.32679012345679
"1194",0.32679012345679
"1195",0.316527777777778
"1196",0.315684647302905
"1197",0.328415841584158
"1198",0.328415841584158
"1199",0.328415841584158
"1200",0.301376404494382
"1201",0.335
"1202",0.335
"1203",0.535555555555556
"1204",0.484625
"1205",0.428882352941176
"1206",0.4148
"1207",0.414223826714801
"1208",0.414223826714801
"1209",0.414311926605505
"1210",0.414311926605505
"1211",0.414311926605505
"1212",0.419351032448378
"1213",0.425140664961637
"1214",0.426984126984127
"1215",0.417780082987552
"1216",0.417780082987552
"1217",0.335
"1218",0.335
"1219",0.463333333333333
"1220",0.4575
"1221",0.45175572519084
"1222",0.45175572519084
"1223",0.45175572519084
"1224",0.454782608695652
"1225",0.454782608695652
"1226",0.471204819277108
"1227",0.466614583333333
"1228",0.433114754098361
"1229",0.433114754098361
"1230",0.399498327759197
"1231",0.399498327759197
"1232",0.424555873925501
"1233",0.335
"1234",0.335
"1235",0.6675
"1236",0.44
"1237",0.460810810810811
"1238",0.460810810810811
"1239",0.418125
"1240",0.386153846153846
"1241",0.38831223628692
"1242",0.379646643109541
"1243",0.379646643109541
"1244",0.390602006688963
"1245",0.383841807909605
"1246",0.383841807909605
"1247",0.387994858611825
"1248",0.375530474040632
"1249",0.335
"1250",0.335
"1251",0.335
"1252",0.367704918032787
"1253",0.367704918032787
"1254",0.387303370786517
"1255",0.387303370786517
"1256",0.387303370786517
"1257",0.404755244755245
"1258",0.389508196721312
"1259",0.389508196721312
"1260",0.393849557522124
"1261",0.378057553956835
"1262",0.378057553956835
"1263",0.372942942942943
"1264",0.37586592178771
"1265",0.335
"1266",0.335
"1267",0.403793103448276
"1268",0.403793103448276
"1269",0.476060606060606
"1270",0.40189349112426
"1271",0.361388888888889
"1272",0.35777397260274
"1273",0.35777397260274
"1274",0.35777397260274
"1275",0.35777397260274
"1276",0.35777397260274
"1277",0.35777397260274
"1278",0.357466216216216
"1279",0.357466216216216
"1280",0.356314102564103
"1281",0.335
"1282",0.335
"1283",0.363913043478261
"1284",0.340588235294118
"1285",0.340588235294118
"1286",0.35
"1287",0.331906976744186
"1288",0.339463087248322
"1289",0.339463087248322
"1290",0.339463087248322
"1291",0.339463087248322
"1292",0.315800524934383
"1293",0.315800524934383
"1294",0.314754098360656
"1295",0.314754098360656
"1296",0.331049504950495
"1297",0.335
"1298",0.266206896551724
"1299",0.266206896551724
"1300",0.266206896551724
"1301",0.266206896551724
"1302",0.298727272727273
"1303",0.361959459459459
"1304",0.344827586206897
"1305",0.344827586206897
"1306",0.344827586206897
"1307",0.344827586206897
"1308",0.344827586206897
"1309",0.344827586206897
"1310",0.355874439461884
"1311",0.355874439461884
"1312",0.354416058394161
"1313",0.335
"1314",0.335
"1315",0.335
"1316",0.335
"1317",0.335
"1318",0.335
"1319",0.445833333333333
"1320",0.462340425531915
"1321",0.486136363636364
"1322",0.437835051546392
"1323",0.423498098859316
"1324",0.423498098859316
"1325",0.423498098859316
"1326",0.425793357933579
"1327",0.417333333333333
"1328",0.426607142857143
"1329",0.335
"1330",0.335
"1331",0.455909090909091
"1332",0.478783783783784
"1333",0.418125
"1334",0.418125
"1335",0.450167597765363
"1336",0.440600858369099
"1337",0.445441696113074
"1338",0.444757281553398
"1339",0.445220994475138
"1340",0.443173333333333
"1341",0.441958041958042
"1342",0.413478260869565
"1343",0.413478260869565
"1344",0.413478260869565
"1345",0.335
"1346",0.3825
"1347",0.3825
"1348",0.3825
"1349",0.3825
"1350",0.3825
"1351",0.3825
"1352",0.3825
"1353",0.3825
"1354",0.427790697674419
"1355",0.473267326732673
"1356",0.473267326732673
"1357",0.473267326732673
"1358",0.493333333333333
"1359",0.477172413793103
"1360",0.496212121212121
"1361",0.335
"1362",0.236481481481481
"1363",0.236481481481481
"1364",0.236481481481481
"1365",0.236481481481481
"1366",0.236481481481481
"1367",0.322452830188679
"1368",0.3065
"1369",0.352780748663102
"1370",0.352780748663102
"1371",0.372901554404145
"1372",0.372901554404145
"1373",0.368529411764706
"1374",0.368529411764706
"1375",0.368529411764706
"1376",0.368529411764706
"1377",0.335
"1378",0.424864864864865
"1379",0.37312101910828
"1380",0.37312101910828
"1381",0.43
"1382",0.438028169014085
"1383",0.433851351351351
"1384",0.448352272727273
"1385",0.448352272727273
"1386",0.454864197530864
"1387",0.454864197530864
"1388",0.465229166666667
"1389",0.465229166666667
"1390",0.465229166666667
"1391",0.455211538461539
"1392",0.4575
"1393",0.335
"1394",0.335
"1395",0.335
"1396",0.335
"1397",0.335
"1398",0.335
"1399",0.734
"1400",0.496212121212121
"1401",0.367552447552448
"1402",0.368435754189944
"1403",0.368435754189944
"1404",0.369169960474308
"1405",0.369169960474308
"1406",0.372927756653992
"1407",0.380084745762712
"1408",0.385874316939891
"1409",0.335
"1410",0.246333333333333
"1411",0.377903225806452
"1412",0.384626865671642
"1413",0.384626865671642
"1414",0.384626865671642
"1415",0.384626865671642
"1416",0.384626865671642
"1417",0.428429752066116
"1418",0.428429752066116
"1419",0.423410404624278
"1420",0.423410404624278
"1421",0.423410404624278
"1422",0.423410404624278
"1423",0.430855855855856
"1424",0.437723577235772
"1425",0.335
"1426",0.335
"1427",0.408888888888889
"1428",0.463709677419355
"1429",0.468
"1430",0.468
"1431",0.386766467065868
"1432",0.340450819672131
"1433",0.340450819672131
"1434",0.340450819672131
"1435",0.358108108108108
"1436",0.358108108108108
"1437",0.378122866894198
"1438",0.363148148148148
"1439",0.363148148148148
"1440",0.363148148148148
"1441",0.335
"1442",0.335
"1443",0.335
"1444",0.299054054054054
"1445",0.324274193548387
"1446",0.324274193548387
"1447",0.324274193548387
"1448",0.324274193548387
"1449",0.357019867549669
"1450",0.385695067264574
"1451",0.40056338028169
"1452",0.423132530120482
"1453",0.422766497461929
"1454",0.423572938689218
"1455",0.423572938689218
"1456",0.423572938689218
"1457",0.335
"1458",0.386153846153846
"1459",0.450652173913044
"1460",0.436705882352941
"1461",0.420594059405941
"1462",0.420594059405941
"1463",0.450871212121212
"1464",0.450871212121212
"1465",0.467104377104377
"1466",0.456710875331565
"1467",0.456710875331565
"1468",0.469838709677419
"1469",0.469838709677419
"1470",0.469166666666667
"1471",0.465108695652174
"1472",0.465108695652174
"1473",0.335
"1474",0.532702702702703
"1475",0.363297872340426
"1476",0.363297872340426
"1477",0.363297872340426
"1478",0.363297872340426
"1479",0.363297872340426
"1480",0.363297872340426
"1481",0.363297872340426
"1482",0.318780487804878
"1483",0.33985401459854
"1484",0.33985401459854
"1485",0.366666666666667
"1486",0.365227272727273
"1487",0.365227272727273
"1488",0.375129310344828
"1489",0.335
"1490",0.335
"1491",0.335
"1492",0.335
"1493",0.304772727272727
"1494",0.304772727272727
"1495",0.426724137931035
"1496",0.426724137931035
"1497",0.468
"1498",0.468
"1499",0.468
"1500",0.468
"1501",0.468
"1502",0.474567901234568
"1503",0.481525423728814
"1504",0.481525423728814
"1505",0.335
"1506",0.412325581395349
"1507",0.412325581395349
"1508",0.31421875
"1509",0.31421875
"1510",0.31421875
"1511",0.31421875
"1512",0.31421875
"1513",0.31421875
"1514",0.350113636363636
"1515",0.389508196721312
"1516",0.389508196721312
"1517",0.389508196721312
"1518",0.389508196721312
"1519",0.417191011235955
"1520",0.408888888888889
"1521",0.335
"1522",0.335
"1523",0.360576923076923
"1524",0.360576923076923
"1525",0.435205479452055
"1526",0.421058823529412
"1527",0.44048275862069
"1528",0.44048275862069
"1529",0.44048275862069
"1530",0.457834394904459
"1531",0.485161290322581
"1532",0.469963099630996
"1533",0.459917127071823
"1534",0.459917127071823
"1535",0.459917127071823
"1536",0.435404814004376
"1537",0.335
"1538",0.335
"1539",0.335
"1540",0.335
"1541",0.335
"1542",0.386153846153846
"1543",0.396574074074074
"1544",0.396574074074074
"1545",0.396574074074074
"1546",0.409929577464789
"1547",0.428967391304348
"1548",0.403587443946188
"1549",0.361218637992832
"1550",0.3749
"1551",0.3749
"1552",0.355605633802817
"1553",0.335
"1554",0.335
"1555",0.49551724137931
"1556",0.475
"1557",0.495887096774194
"1558",0.468
"1559",0.441278538812785
"1560",0.4441015625
"1561",0.4441015625
"1562",0.418392282958199
"1563",0.418392282958199
"1564",0.418392282958199
"1565",0.418392282958199
"1566",0.42948087431694
"1567",0.42948087431694
"1568",0.421322115384615
"1569",0.335
"1570",0.335
"1571",0.335
"1572",0.335
"1573",0.261111111111111
"1574",0.261111111111111
"1575",0.399354838709677
"1576",0.424609929078014
"1577",0.434550898203593
"1578",0.450988372093023
"1579",0.450988372093023
"1580",0.405336538461539
"1581",0.405336538461539
"1582",0.372558139534884
"1583",0.372558139534884
"1584",0.359913544668588
"1585",0.335
"1586",0.386153846153846
"1587",0.516363636363636
"1588",0.516363636363636
"1589",0.516363636363636
"1590",0.516363636363636
"1591",0.4414
"1592",0.4414
"1593",0.423014705882353
"1594",0.48046875
"1595",0.472687224669604
"1596",0.476489361702128
"1597",0.476489361702128
"1598",0.476489361702128
"1599",0.467133550488599
"1600",0.467133550488599
"1601",0.335
"1602",0.335
"1603",0.335
"1604",0.364555555555556
"1605",0.323977900552486
"1606",0.34564
"1607",0.35530534351145
"1608",0.323664772727273
"1609",0.343866666666667
"1610",0.350626631853786
"1611",0.371944444444444
"1612",0.378832391713748
"1613",0.379948006932409
"1614",0.385828025477707
"1615",0.374227528089888
"1616",0.383333333333333
"1617",0.335
"1618",0.335
"1619",0.715
"1620",0.715
"1621",0.715
"1622",0.641923076923077
"1623",0.641923076923077
"1624",0.540093457943925
"1625",0.527355371900826
"1626",0.527355371900826
"1627",0.52203125
"1628",0.52203125
"1629",0.495769230769231
"1630",0.495769230769231
"1631",0.536606334841629
"1632",0.536606334841629
"1633",0.335
"1634",0.335
"1635",0.16875
"1636",0.16875
"1637",0.16875
"1638",0.16875
"1639",0.16875
"1640",0.2552
"1641",0.2552
"1642",0.288604651162791
"1643",0.296449275362319
"1644",0.276424870466321
"1645",0.308967971530249
"1646",0.308967971530249
"1647",0.3236
"1648",0.325890410958904
"1649",0.335
"1650",0.335
"1651",0.452352941176471
"1652",0.452352941176471
"1653",0.43
"1654",0.43
"1655",0.43
"1656",0.43
"1657",0.49960396039604
"1658",0.524227642276423
"1659",0.472010050251256
"1660",0.434253731343284
"1661",0.440695364238411
"1662",0.440695364238411
"1663",0.445498489425982
"1664",0.445498489425982
"1665",0.335
"1666",0.335
"1667",0.295882352941176
"1668",0.295882352941176
"1669",0.295882352941176
"1670",0.343417721518987
"1671",0.343417721518987
"1672",0.343417721518987
"1673",0.365574712643678
"1674",0.365574712643678
"1675",0.365504587155963
"1676",0.356923076923077
"1677",0.365424836601307
"1678",0.349777777777778
"1679",0.353269230769231
"1680",0.353269230769231
"1681",0.335
"1682",0.335
"1683",0.335
"1684",0.335
"1685",0.335
"1686",0.384875
"1687",0.398942307692308
"1688",0.3616
"1689",0.3616
"1690",0.380401606425703
"1691",0.384626865671642
"1692",0.404530831099196
"1693",0.401655011655012
"1694",0.402648752399232
"1695",0.40413988657845
"1696",0.418976109215017
"1697",0.335
"1698",0.335
"1699",0.357931034482759
"1700",0.357931034482759
"1701",0.357931034482759
"1702",0.357931034482759
"1703",0.373
"1704",0.377446808510638
"1705",0.344366197183099
"1706",0.344366197183099
"1707",0.373218390804598
"1708",0.373218390804598
"1709",0.346565217391304
"1710",0.353545816733068
"1711",0.353545816733068
"1712",0.353545816733068
"1713",0.335
"1714",0.335
"1715",0.335
"1716",0.335
"1717",0.452352941176471
"1718",0.540833333333333
"1719",0.515338983050847
"1720",0.512671755725191
"1721",0.499462365591398
"1722",0.499462365591398
"1723",0.481244813278008
"1724",0.498451178451179
"1725",0.484672364672365
"1726",0.481818181818182
"1727",0.487749419953596
"1728",0.488251028806584
"1729",0.335
"1730",0.335
"1731",0.335
"1732",0.349148936170213
"1733",0.313196721311475
"1734",0.313196721311475
"1735",0.328785046728972
"1736",0.328785046728972
"1737",0.335
"1738",0.323264705882353
"1739",0.323264705882353
"1740",0.323264705882353
"1741",0.323264705882353
"1742",0.323264705882353
"1743",0.32622691292876
"1744",0.324924242424243
"1745",0.335
"1746",0.335
"1747",0.458148148148148
"1748",0.462884615384615
"1749",0.397735849056604
"1750",0.397735849056604
"1751",0.397735849056604
"1752",0.397735849056604
"1753",0.433897435897436
"1754",0.438300970873786
"1755",0.422137931034483
"1756",0.422137931034483
"1757",0.442630057803468
"1758",0.454077134986226
"1759",0.422117903930131
"1760",0.422117903930131
"1761",0.335
"1762",0.522564102564103
"1763",0.522564102564103
"1764",0.522564102564103
"1765",0.522564102564103
"1766",0.522564102564103
"1767",0.522564102564103
"1768",0.522564102564103
"1769",0.522564102564103
"1770",0.522564102564103
"1771",0.37
"1772",0.37
"1773",0.377903225806452
"1774",0.384259259259259
"1775",0.404477611940299
"1776",0.404477611940299
"1777",0.335
"1778",0.295882352941176
"1779",0.295882352941176
"1780",0.319291338582677
"1781",0.319291338582677
"1782",0.319291338582677
"1783",0.319291338582677
"1784",0.319291338582677
"1785",0.319291338582677
"1786",0.32625
"1787",0.32625
"1788",0.372359550561798
"1789",0.365
"1790",0.365
"1791",0.379007352941176
"1792",0.379007352941176
"1793",0.335
"1794",0.335
"1795",0.335
"1796",0.290666666666667
"1797",0.290666666666667
"1798",0.290666666666667
"1799",0.290666666666667
"1800",0.290666666666667
"1801",0.290666666666667
"1802",0.36825
"1803",0.36825
"1804",0.36825
"1805",0.36825
"1806",0.36825
"1807",0.36825
"1808",0.36825
"1809",0.335
"1810",0.335
"1811",0.386153846153846
"1812",0.386153846153846
"1813",0.386153846153846
"1814",0.386153846153846
"1815",0.37108527131783
"1816",0.37108527131783
"1817",0.37108527131783
"1818",0.353370165745856
"1819",0.351379310344828
"1820",0.351379310344828
"1821",0.351379310344828
"1822",0.351379310344828
"1823",0.343142857142857
"1824",0.343142857142857
"1825",0.335
"1826",0.335
"1827",0.416666666666667
"1828",0.416666666666667
"1829",0.416666666666667
"1830",0.416666666666667
"1831",0.416666666666667
"1832",0.416666666666667
"1833",0.464545454545455
"1834",0.509320388349515
"1835",0.503354430379747
"1836",0.503354430379747
"1837",0.475492957746479
"1838",0.466828193832599
"1839",0.459349593495935
"1840",0.466220735785953
"1841",0.335
"1842",0.335
"1843",0.44
"1844",0.364424778761062
"1845",0.378606557377049
"1846",0.378606557377049
"1847",0.378606557377049
"1848",0.357931034482759
"1849",0.357931034482759
"1850",0.376134020618557
"1851",0.391538461538462
"1852",0.391538461538462
"1853",0.391538461538462
"1854",0.376699669966997
"1855",0.376699669966997
"1856",0.381489361702128
"1857",0.335
"1858",0.497555555555556
"1859",0.497555555555556
"1860",0.497555555555556
"1861",0.460471698113208
"1862",0.460471698113208
"1863",0.460471698113208
"1864",0.436597222222222
"1865",0.433851351351351
"1866",0.462022471910112
"1867",0.4414
"1868",0.43635687732342
"1869",0.43635687732342
"1870",0.438151815181518
"1871",0.42127027027027
"1872",0.42127027027027
"1873",0.335
"1874",0.452352941176471
"1875",0.521797752808989
"1876",0.521797752808989
"1877",0.458827586206897
"1878",0.46625
"1879",0.451468926553672
"1880",0.453864734299517
"1881",0.453864734299517
"1882",0.406068702290076
"1883",0.406068702290076
"1884",0.415878378378378
"1885",0.415878378378378
"1886",0.415878378378378
"1887",0.415878378378378
"1888",0.415878378378378
"1889",0.335
"1890",0.425681818181818
"1891",0.405530303030303
"1892",0.431144578313253
"1893",0.453084112149533
"1894",0.449503311258278
"1895",0.442258064516129
"1896",0.436705882352941
"1897",0.428882352941176
"1898",0.418953488372093
"1899",0.419322766570605
"1900",0.410921595598349
"1901",0.405641025641026
"1902",0.404832935560859
"1903",0.416719278466742
"1904",0.413394308943089
"1905",0.335
"1906",0.335
"1907",0.335
"1908",0.335
"1909",0.408888888888889
"1910",0.352051282051282
"1911",0.352051282051282
"1912",0.352051282051282
"1913",0.328
"1914",0.376936936936937
"1915",0.351024096385542
"1916",0.351024096385542
"1917",0.3616
"1918",0.3616
"1919",0.376194690265487
"1920",0.376194690265487
"1921",0.335
"1922",0.34945652173913
"1923",0.34945652173913
"1924",0.34945652173913
"1925",0.347090909090909
"1926",0.347090909090909
"1927",0.311529411764706
"1928",0.332452107279693
"1929",0.357099697885196
"1930",0.357099697885196
"1931",0.357099697885196
"1932",0.357099697885196
"1933",0.357099697885196
"1934",0.357099697885196
"1935",0.357099697885196
"1936",0.357099697885196
"1937",0.335
"1938",0.704444444444444
"1939",0.704444444444444
"1940",0.564727272727273
"1941",0.564727272727273
"1942",0.476966292134831
"1943",0.476966292134831
"1944",0.476966292134831
"1945",0.433677419354839
"1946",0.433677419354839
"1947",0.433677419354839
"1948",0.433677419354839
"1949",0.433677419354839
"1950",0.432893401015228
"1951",0.432893401015228
"1952",0.399069767441861
"1953",0.335
"1954",0.31125
"1955",0.31125
"1956",0.31125
"1957",0.40625
"1958",0.425681818181818
"1959",0.416791443850267
"1960",0.416791443850267
"1961",0.416791443850267
"1962",0.417268041237113
"1963",0.401767068273092
"1964",0.401767068273092
"1965",0.405641025641026
"1966",0.400444444444445
"1967",0.385324324324324
"1968",0.388325471698113
"1969",0.335
"1970",0.335
"1971",0.37
"1972",0.31125
"1973",0.340406504065041
"1974",0.340406504065041
"1975",0.32752808988764
"1976",0.326437768240343
"1977",0.330381944444445
"1978",0.313548387096774
"1979",0.298055555555556
"1980",0.298225806451613
"1981",0.309161554192229
"1982",0.309161554192229
"1983",0.315369003690037
"1984",0.323766891891892
"1985",0.335
"1986",0.58
"1987",0.472792792792793
"1988",0.472792792792793
"1989",0.447168674698795
"1990",0.443818181818182
"1991",0.417518248175183
"1992",0.417518248175183
"1993",0.400625
"1994",0.400625
"1995",0.404783950617284
"1996",0.413655913978495
"1997",0.423666666666667
"1998",0.426157303370787
"1999",0.426953907815631
"2000",0.410759493670886
"2001",0.335
"2002",0.335
"2003",0.335
"2004",0.536515151515152
"2005",0.536515151515152
"2006",0.545853658536585
"2007",0.531089743589744
"2008",0.522155688622755
"2009",0.473267326732673
"2010",0.463074074074074
"2011",0.468
"2012",0.411844444444445
"2013",0.421381443298969
"2014",0.429251968503937
"2015",0.439752212389381
"2016",0.435946791862285
"2017",0.335
"2018",0.335
"2019",0.368585858585859
"2020",0.368585858585859
"2021",0.368585858585859
"2022",0.368585858585859
"2023",0.368585858585859
"2024",0.368585858585859
"2025",0.368585858585859
"2026",0.368585858585859
"2027",0.368585858585859
"2028",0.368585858585859
"2029",0.368585858585859
"2030",0.368585858585859
"2031",0.368585858585859
"2032",0.368585858585859
"2033",0.335
"2034",0.335
"2035",0.486666666666667
"2036",0.486666666666667
"2037",0.486666666666667
"2038",0.530588235294118
"2039",0.512772277227723
"2040",0.487124183006536
"2041",0.487124183006536
"2042",0.487124183006536
"2043",0.487124183006536
"2044",0.46009900990099
"2045",0.46009900990099
"2046",0.434488188976378
"2047",0.418740740740741
"2048",0.418740740740741
"2049",0.335
"2050",0.325633802816901
"2051",0.325633802816901
"2052",0.325633802816901
"2053",0.323333333333333
"2054",0.323333333333333
"2055",0.34463768115942
"2056",0.353472222222222
"2057",0.37023178807947
"2058",0.3616
"2059",0.373573085846868
"2060",0.373573085846868
"2061",0.373573085846868
"2062",0.3765625
"2063",0.363482309124767
"2064",0.363482309124767
"2065",0.335
"2066",0.335
"2067",0.335
"2068",0.487
"2069",0.348039215686274
"2070",0.348039215686274
"2071",0.348039215686274
"2072",0.348039215686274
"2073",0.372641509433962
"2074",0.394023668639053
"2075",0.394023668639053
"2076",0.400711462450593
"2077",0.408888888888889
"2078",0.405
"2079",0.400196078431373
"2080",0.400196078431373
"2081",0.335
"2082",0.43
"2083",0.43
"2084",0.43
"2085",0.408888888888889
"2086",0.408888888888889
"2087",0.426095890410959
"2088",0.423410404624278
"2089",0.423410404624278
"2090",0.4225
"2091",0.435428571428571
"2092",0.426724137931035
"2093",0.426724137931035
"2094",0.426724137931035
"2095",0.403255131964809
"2096",0.403255131964809
"2097",0.335
"2098",0.43
"2099",0.448536585365854
"2100",0.448536585365854
"2101",0.448536585365854
"2102",0.476060606060606
"2103",0.480331125827815
"2104",0.429073170731707
"2105",0.415214007782101
"2106",0.415214007782101
"2107",0.423236245954693
"2108",0.412583333333333
"2109",0.412583333333333
"2110",0.404914425427873
"2111",0.401655011655012
"2112",0.404914425427873
"2113",0.335
"2114",0.335
"2115",0.335
"2116",0.335
"2117",0.704444444444444
"2118",0.31421875
"2119",0.31421875
"2120",0.354752475247525
"2121",0.354752475247525
"2122",0.343525641025641
"2123",0.322087378640777
"2124",0.322087378640777
"2125",0.322087378640777
"2126",0.335
"2127",0.335
"2128",0.359141914191419
"2129",0.335
"2130",0.405744680851064
"2131",0.356
"2132",0.356
"2133",0.374838709677419
"2134",0.3825
"2135",0.399878048780488
"2136",0.401059602649007
"2137",0.401059602649007
"2138",0.414529262086514
"2139",0.415020746887967
"2140",0.420195729537367
"2141",0.421264367816092
"2142",0.418005738880918
"2143",0.406846733668342
"2144",0.407647058823529
"2145",0.335
"2146",0.335
"2147",0.518936170212766
"2148",0.517549019607843
"2149",0.513763440860215
"2150",0.506160337552743
"2151",0.470462962962963
"2152",0.450859188544153
"2153",0.447078651685393
"2154",0.449477756286267
"2155",0.450357142857143
"2156",0.453824451410658
"2157",0.458223583460949
"2158",0.444045698924731
"2159",0.445698663426488
"2160",0.455699421965318
"2161",0.335
"2162",0.335
"2163",0.335
"2164",0.403793103448276
"2165",0.43
"2166",0.43
"2167",0.43
"2168",0.424123711340206
"2169",0.424123711340206
"2170",0.424123711340206
"2171",0.379932432432432
"2172",0.379932432432432
"2173",0.379932432432432
"2174",0.35578125
"2175",0.35578125
"2176",0.366666666666667
"2177",0.335
"2178",0.335
"2179",0.299054054054054
"2180",0.299054054054054
"2181",0.360576923076923
"2182",0.367351351351351
"2183",0.367351351351351
"2184",0.359119170984456
"2185",0.359119170984456
"2186",0.359119170984456
"2187",0.376763285024155
"2188",0.365458015267176
"2189",0.366241610738255
"2190",0.378029411764706
"2191",0.378029411764706
"2192",0.378265060240964
"2193",0.335
"2194",0.356451612903226
"2195",0.393333333333333
"2196",0.442258064516129
"2197",0.442258064516129
"2198",0.403070866141732
"2199",0.41263959390863
"2200",0.415690376569038
"2201",0.415690376569038
"2202",0.415690376569038
"2203",0.415690376569038
"2204",0.415690376569038
"2205",0.415690376569038
"2206",0.435467625899281
"2207",0.435467625899281
"2208",0.441774647887324
"2209",0.335
"2210",0.335
"2211",0.212857142857143
"2212",0.287010309278351
"2213",0.302822580645161
"2214",0.322292993630573
"2215",0.322292993630573
"2216",0.322292993630573
"2217",0.319241706161137
"2218",0.343278008298755
"2219",0.343278008298755
"2220",0.346832740213523
"2221",0.346832740213523
"2222",0.346832740213523
"2223",0.346832740213523
"2224",0.348854166666667
"2225",0.335
"2226",0.479565217391304
"2227",0.4205
"2228",0.41247572815534
"2229",0.41247572815534
"2230",0.422933884297521
"2231",0.422933884297521
"2232",0.422933884297521
"2233",0.422933884297521
"2234",0.428515625
"2235",0.394730538922156
"2236",0.394730538922156
"2237",0.380984042553191
"2238",0.380984042553191
"2239",0.380984042553191
"2240",0.374310344827586
"2241",0.335
"2242",0.335
"2243",0.402857142857143
"2244",0.448828828828829
"2245",0.445153374233129
"2246",0.454918032786885
"2247",0.454918032786885
"2248",0.454918032786885
"2249",0.454918032786885
"2250",0.454918032786885
"2251",0.454918032786885
"2252",0.413235294117647
"2253",0.413235294117647
"2254",0.403611111111111
"2255",0.41575
"2256",0.41575
"2257",0.335
"2258",0.244318181818182
"2259",0.335
"2260",0.335
"2261",0.370466666666667
"2262",0.363297872340426
"2263",0.342823529411765
"2264",0.342823529411765
"2265",0.345358255451713
"2266",0.3455
"2267",0.3455
"2268",0.3455
"2269",0.3455
"2270",0.3455
"2271",0.352139175257732
"2272",0.352139175257732
"2273",0.335
"2274",0.405
"2275",0.405
"2276",0.391595744680851
"2277",0.426095890410959
"2278",0.451923076923077
"2279",0.451923076923077
"2280",0.451923076923077
"2281",0.451923076923077
"2282",0.451923076923077
"2283",0.449191919191919
"2284",0.449191919191919
"2285",0.433114754098361
"2286",0.452059925093633
"2287",0.440654205607477
"2288",0.434457478005865
"2289",0.335
"2290",0.603333333333333
"2291",0.603333333333333
"2292",0.465625
"2293",0.481691176470588
"2294",0.481691176470588
"2295",0.481818181818182
"2296",0.471111111111111
"2297",0.471111111111111
"2298",0.451611374407583
"2299",0.451611374407583
"2300",0.451611374407583
"2301",0.417191011235955
"2302",0.417191011235955
"2303",0.417191011235955
"2304",0.417191011235955
"2305",0.335
"2306",0.335
"2307",0.335
"2308",0.452352941176471
"2309",0.440654205607477
"2310",0.440654205607477
"2311",0.445035971223022
"2312",0.469310344827586
"2313",0.475134099616858
"2314",0.475134099616858
"2315",0.477016949152542
"2316",0.437037037037037
"2317",0.446334841628959
"2318",0.448336755646817
"2319",0.442711267605634
"2320",0.442711267605634
"2321",0.335
"2322",0.408888888888889
"2323",0.408888888888889
"2324",0.504509803921569
"2325",0.504509803921569
"2326",0.504509803921569
"2327",0.409719101123596
"2328",0.409719101123596
"2329",0.409719101123596
"2330",0.409719101123596
"2331",0.371653543307087
"2332",0.371653543307087
"2333",0.374820359281437
"2334",0.374820359281437
"2335",0.374820359281437
"2336",0.374820359281437
"2337",0.335
"2338",0.335
"2339",0.335
"2340",0.357931034482759
"2341",0.450413223140496
"2342",0.450413223140496
"2343",0.450413223140496
"2344",0.450413223140496
"2345",0.438028169014085
"2346",0.445833333333333
"2347",0.445833333333333
"2348",0.445833333333333
"2349",0.446473988439306
"2350",0.430781893004115
"2351",0.430781893004115
"2352",0.412544169611307
"2353",0.335
"2354",0.335
"2355",0.395454545454545
"2356",0.395454545454545
"2357",0.3765625
"2358",0.3765625
"2359",0.3765625
"2360",0.3765625
"2361",0.38298969072165
"2362",0.33952380952381
"2363",0.33952380952381
"2364",0.33952380952381
"2365",0.327771739130435
"2366",0.327771739130435
"2367",0.327771739130435
"2368",0.327771739130435
"2369",0.335
"2370",0.335
"2371",0.242405063291139
"2372",0.335
"2373",0.235632183908046
"2374",0.235632183908046
"2375",0.214819277108434
"2376",0.214819277108434
"2377",0.218888888888889
"2378",0.218888888888889
"2379",0.218888888888889
"2380",0.270645161290323
"2381",0.270645161290323
"2382",0.307125748502994
"2383",0.303705882352941
"2384",0.331740196078431
"2385",0.335
"2386",0.335
"2387",0.335
"2388",0.335
"2389",0.335
"2390",0.335
"2391",0.335
"2392",0.335
"2393",0.335
"2394",0.271666666666667
"2395",0.291942446043165
"2396",0.291942446043165
"2397",0.291942446043165
"2398",0.291942446043165
"2399",0.304172185430464
"2400",0.321960784313725
"2401",0.335
"2402",0.371272727272727
"2403",0.371272727272727
"2404",0.371272727272727
"2405",0.407545454545455
"2406",0.355151515151515
"2407",0.355151515151515
"2408",0.355151515151515
"2409",0.355151515151515
"2410",0.355151515151515
"2411",0.355151515151515
"2412",0.355151515151515
"2413",0.38662100456621
"2414",0.384875
"2415",0.394471544715447
"2416",0.394471544715447
"2417",0.335
"2418",0.335
"2419",0.335
"2420",0.335
"2421",0.508923076923077
"2422",0.50125
"2423",0.50125
"2424",0.458148148148148
"2425",0.458148148148148
"2426",0.458148148148148
"2427",0.473689839572193
"2428",0.486763485477178
"2429",0.486763485477178
"2430",0.486763485477178
"2431",0.460810810810811
"2432",0.461370716510903
"2433",0.335
"2434",0.335
"2435",0.356451612903226
"2436",0.384
"2437",0.402694610778443
"2438",0.408115183246073
"2439",0.408115183246073
"2440",0.434253731343284
"2441",0.423042253521127
"2442",0.455612745098039
"2443",0.46304347826087
"2444",0.456691312384473
"2445",0.452604501607717
"2446",0.433206751054852
"2447",0.434158686730506
"2448",0.432555012224939
"2449",0.335
"2450",0.344925373134328
"2451",0.344925373134328
"2452",0.317727272727273
"2453",0.399354838709677
"2454",0.354622950819672
"2455",0.357647058823529
"2456",0.357647058823529
"2457",0.357647058823529
"2458",0.36887399463807
"2459",0.372359550561798
"2460",0.364776119402985
"2461",0.364776119402985
"2462",0.364776119402985
"2463",0.368066298342541
"2464",0.366226086956522
"2465",0.335
"2466",0.463333333333333
"2467",0.463333333333333
"2468",0.45375
"2469",0.390416666666667
"2470",0.390416666666667
"2471",0.394375
"2472",0.394375
"2473",0.39455223880597
"2474",0.393020134228188
"2475",0.391554252199413
"2476",0.406505376344086
"2477",0.411145038167939
"2478",0.416458797327394
"2479",0.415326732673267
"2480",0.411
"2481",0.335
"2482",0.413235294117647
"2483",0.413235294117647
"2484",0.379333333333333
"2485",0.379333333333333
"2486",0.379333333333333
"2487",0.379333333333333
"2488",0.379333333333333
"2489",0.379333333333333
"2490",0.426095890410959
"2491",0.426095890410959
"2492",0.432222222222222
"2493",0.432222222222222
"2494",0.431674008810573
"2495",0.431674008810573
"2496",0.415020746887967
"2497",0.335
"2498",0.335
"2499",0.403793103448276
"2500",0.403793103448276
"2501",0.403793103448276
"2502",0.398942307692308
"2503",0.398942307692308
"2504",0.4430625
"2505",0.4430625
"2506",0.43
"2507",0.448536585365854
"2508",0.449655172413793
"2509",0.438231046931408
"2510",0.452822822822823
"2511",0.460810810810811
"2512",0.463928571428572
"2513",0.335
"2514",0.445833333333333
"2515",0.493333333333333
"2516",0.493333333333333
"2517",0.493333333333333
"2518",0.552142857142857
"2519",0.526912751677852
"2520",0.526912751677852
"2521",0.521481481481481
"2522",0.463333333333333
"2523",0.438028169014085
"2524",0.438028169014085
"2525",0.432794117647059
"2526",0.452550505050505
"2527",0.452550505050505
"2528",0.432101769911504
"2529",0.335
"2530",0.374117647058824
"2531",0.374117647058824
"2532",0.399354838709677
"2533",0.399354838709677
"2534",0.399354838709677
"2535",0.398942307692308
"2536",0.410412371134021
"2537",0.425681818181818
"2538",0.420555555555556
"2539",0.402731481481481
"2540",0.407876712328767
"2541",0.39734375
"2542",0.377597864768683
"2543",0.38115141955836
"2544",0.384710860366714
"2545",0.335
"2546",0.335
"2547",0.405
"2548",0.403515151515152
"2549",0.405744680851064
"2550",0.373404255319149
"2551",0.373404255319149
"2552",0.373404255319149
"2553",0.373404255319149
"2554",0.351219512195122
"2555",0.361980906921241
"2556",0.356359743040685
"2557",0.361712473572939
"2558",0.372091633466135
"2559",0.372091633466135
"2560",0.384386873920553
"2561",0.335
"2562",0.3765625
"2563",0.3765625
"2564",0.422213114754098
"2565",0.422213114754098
"2566",0.422213114754098
"2567",0.418932038834951
"2568",0.428429752066116
"2569",0.428429752066116
"2570",0.420643939393939
"2571",0.41575
"2572",0.41575
"2573",0.41575
"2574",0.41575
"2575",0.41575
"2576",0.41375
"2577",0.335
"2578",0.276666666666667
"2579",0.276666666666667
"2580",0.276666666666667
"2581",0.31125
"2582",0.31125
"2583",0.3445
"2584",0.3445
"2585",0.352972972972973
"2586",0.397458563535912
"2587",0.397458563535912
"2588",0.397458563535912
"2589",0.397458563535912
"2590",0.405175879396985
"2591",0.405175879396985
"2592",0.405175879396985
"2593",0.335
"2594",0.335
"2595",0.408888888888889
"2596",0.441603053435114
"2597",0.432657342657343
"2598",0.432657342657343
"2599",0.432657342657343
"2600",0.396991525423729
"2601",0.396991525423729
"2602",0.378686131386861
"2603",0.389657534246575
"2604",0.405744680851064
"2605",0.405744680851064
"2606",0.417929411764706
"2607",0.417929411764706
"2608",0.420991379310345
"2609",0.335
"2610",0.335
"2611",0.335
"2612",0.81
"2613",0.506612903225806
"2614",0.506612903225806
"2615",0.442991452991453
"2616",0.42589928057554
"2617",0.42589928057554
"2618",0.42589928057554
"2619",0.392974358974359
"2620",0.392974358974359
"2621",0.38288
"2622",0.384697508896797
"2623",0.392525951557093
"2624",0.392525951557093
"2625",0.335
"2626",0.335
"2627",0.335
"2628",0.335
"2629",0.50125
"2630",0.375714285714286
"2631",0.404666666666667
"2632",0.404666666666667
"2633",0.417518248175183
"2634",0.417518248175183
"2635",0.338445595854922
"2636",0.338445595854922
"2637",0.326857142857143
"2638",0.370466666666667
"2639",0.370466666666667
"2640",0.372784090909091
"2641",0.335
"2642",0.335
"2643",0.395454545454545
"2644",0.371944444444444
"2645",0.371944444444444
"2646",0.371944444444444
"2647",0.339925925925926
"2648",0.339925925925926
"2649",0.339925925925926
"2650",0.339925925925926
"2651",0.346271186440678
"2652",0.36863813229572
"2653",0.36863813229572
"2654",0.36863813229572
"2655",0.36863813229572
"2656",0.351764705882353
"2657",0.335
"2658",0.44
"2659",0.44
"2660",0.368813559322034
"2661",0.368813559322034
"2662",0.368813559322034
"2663",0.39455223880597
"2664",0.39455223880597
"2665",0.39455223880597
"2666",0.389285714285714
"2667",0.380084745762712
"2668",0.380084745762712
"2669",0.380084745762712
"2670",0.340850439882698
"2671",0.340465753424658
"2672",0.336745406824147
"2673",0.335
"2674",0.335
"2675",0.303333333333333
"2676",0.435757575757576
"2677",0.402247191011236
"2678",0.402247191011236
"2679",0.415606060606061
"2680",0.415606060606061
"2681",0.415606060606061
"2682",0.436440677966102
"2683",0.420094786729858
"2684",0.420643939393939
"2685",0.420643939393939
"2686",0.420643939393939
"2687",0.420643939393939
"2688",0.420643939393939
"2689",0.335
"2690",0.335
"2691",0.323333333333333
"2692",0.328
"2693",0.374635761589404
"2694",0.374635761589404
"2695",0.374635761589404
"2696",0.406019417475728
"2697",0.380401606425703
"2698",0.39993265993266
"2699",0.39993265993266
"2700",0.39993265993266
"2701",0.404702549575071
"2702",0.399580052493438
"2703",0.420412844036697
"2704",0.423566591422122
"2705",0.335
"2706",0.252808988764045
"2707",0.252808988764045
"2708",0.252808988764045
"2709",0.316214689265537
"2710",0.347547169811321
"2711",0.353880126182965
"2712",0.347479892761394
"2713",0.388505747126437
"2714",0.40513671875
"2715",0.402398648648649
"2716",0.418379204892966
"2717",0.409751824817518
"2718",0.405818181818182
"2719",0.408320512820513
"2720",0.410549313358302
"2721",0.335
"2722",0.278404255319149
"2723",0.278404255319149
"2724",0.278404255319149
"2725",0.278404255319149
"2726",0.374117647058824
"2727",0.395958333333333
"2728",0.395077881619938
"2729",0.406984536082474
"2730",0.409255583126551
"2731",0.409255583126551
"2732",0.419468822170901
"2733",0.412325581395349
"2734",0.403793103448276
"2735",0.408435582822086
"2736",0.411504424778761
"2737",0.335
"2738",0.423666666666667
"2739",0.423666666666667
"2740",0.377903225806452
"2741",0.377903225806452
"2742",0.377903225806452
"2743",0.377903225806452
"2744",0.36258064516129
"2745",0.36258064516129
"2746",0.36258064516129
"2747",0.36258064516129
"2748",0.327745454545455
"2749",0.327745454545455
"2750",0.343926174496644
"2751",0.331589743589744
"2752",0.331589743589744
"2753",0.335
"2754",0.335
"2755",0.384259259259259
"2756",0.380547945205479
"2757",0.335
"2758",0.359478527607362
"2759",0.3525
"2760",0.3525
"2761",0.350833333333333
"2762",0.37
"2763",0.37
"2764",0.37
"2765",0.353370165745856
"2766",0.365856
"2767",0.35908077994429
"2768",0.35908077994429
"2769",0.335
"2770",0.335
"2771",0.335
"2772",0.525
"2773",0.389285714285714
"2774",0.389508196721312
"2775",0.389508196721312
"2776",0.376327683615819
"2777",0.389227467811159
"2778",0.389227467811159
"2779",0.389227467811159
"2780",0.414594594594595
"2781",0.400444444444445
"2782",0.403297297297297
"2783",0.403297297297297
"2784",0.412555831265509
"2785",0.335
"2786",0.220344827586207
"2787",0.220344827586207
"2788",0.220344827586207
"2789",0.282035398230089
"2790",0.282035398230089
"2791",0.282035398230089
"2792",0.275976331360947
"2793",0.275976331360947
"2794",0.275976331360947
"2795",0.303989637305699
"2796",0.303989637305699
"2797",0.31505
"2798",0.31505
"2799",0.31505
"2800",0.31505
"2801",0.335
"2802",0.556666666666667
"2803",0.556666666666667
"2804",0.354558823529412
"2805",0.340406504065041
"2806",0.340406504065041
"2807",0.349943820224719
"2808",0.346367521367521
"2809",0.346367521367521
"2810",0.346367521367521
"2811",0.346367521367521
"2812",0.345390625
"2813",0.375627009646302
"2814",0.331366120218579
"2815",0.342
"2816",0.342
"2817",0.335
"2818",0.386153846153846
"2819",0.386153846153846
"2820",0.383658536585366
"2821",0.383658536585366
"2822",0.383658536585366
"2823",0.383658536585366
"2824",0.383658536585366
"2825",0.444016393442623
"2826",0.469494382022472
"2827",0.450917431192661
"2828",0.450917431192661
"2829",0.450917431192661
"2830",0.447538461538462
"2831",0.430666666666667
"2832",0.430666666666667
"2833",0.335
"2834",0.37
"2835",0.376936936936937
"2836",0.364649681528662
"2837",0.358391959798995
"2838",0.400196078431373
"2839",0.39
"2840",0.400196078431373
"2841",0.400196078431373
"2842",0.400196078431373
"2843",0.362797427652733
"2844",0.362797427652733
"2845",0.366666666666667
"2846",0.366666666666667
"2847",0.356666666666667
"2848",0.356666666666667
"2849",0.335
"2850",0.408888888888889
"2851",0.451666666666667
"2852",0.451666666666667
"2853",0.504890510948905
"2854",0.444757281553398
"2855",0.442711267605634
"2856",0.442711267605634
"2857",0.450737463126844
"2858",0.450737463126844
"2859",0.454161849710983
"2860",0.454161849710983
"2861",0.45707729468599
"2862",0.45707729468599
"2863",0.458720930232558
"2864",0.455308151093439
"2865",0.335
"2866",0.335
"2867",0.335
"2868",0.539615384615385
"2869",0.539615384615385
"2870",0.539615384615385
"2871",0.539615384615385
"2872",0.569705882352941
"2873",0.569705882352941
"2874",0.483647058823529
"2875",0.470353982300885
"2876",0.48679347826087
"2877",0.464942528735632
"2878",0.457056962025317
"2879",0.457002583979328
"2880",0.452527964205817
"2881",0.335
"2882",0.335
"2883",0.335
"2884",0.150277777777778
"2885",0.150277777777778
"2886",0.23109375
"2887",0.23109375
"2888",0.358333333333333
"2889",0.384875
"2890",0.399953488372093
"2891",0.407228464419476
"2892",0.407228464419476
"2893",0.407228464419476
"2894",0.388456591639872
"2895",0.388456591639872
"2896",0.402043596730245
"2897",0.335
"2898",0.494225352112676
"2899",0.335
"2900",0.371272727272727
"2901",0.304495412844037
"2902",0.37224
"2903",0.37224
"2904",0.37224
"2905",0.37224
"2906",0.368928571428571
"2907",0.368928571428571
"2908",0.368928571428571
"2909",0.368928571428571
"2910",0.350229007633588
"2911",0.33952380952381
"2912",0.337152103559871
"2913",0.335
"2914",0.316527777777778
"2915",0.3616
"2916",0.383443708609272
"2917",0.364166666666667
"2918",0.364166666666667
"2919",0.352972972972973
"2920",0.352972972972973
"2921",0.352972972972973
"2922",0.364462025316456
"2923",0.341820512820513
"2924",0.341820512820513
"2925",0.347372093023256
"2926",0.352733333333333
"2927",0.348090551181102
"2928",0.348090551181102
"2929",0.335
"2930",0.693076923076923
"2931",0.693076923076923
"2932",0.62
"2933",0.62
"2934",0.475
"2935",0.5079
"2936",0.450838709677419
"2937",0.450357142857143
"2938",0.450357142857143
"2939",0.450357142857143
"2940",0.450357142857143
"2941",0.438326693227092
"2942",0.432724014336918
"2943",0.432724014336918
"2944",0.432724014336918
"2945",0.335
"2946",0.335
"2947",0.335
"2948",0.335
"2949",0.335
"2950",0.504509803921569
"2951",0.541379310344828
"2952",0.496756756756757
"2953",0.491470588235294
"2954",0.48928
"2955",0.48928
"2956",0.462340425531915
"2957",0.462340425531915
"2958",0.467073170731707
"2959",0.467073170731707
"2960",0.477643504531722
"2961",0.335
"2962",0.335
"2963",0.40625
"2964",0.40625
"2965",0.40625
"2966",0.40625
"2967",0.40625
"2968",0.394375
"2969",0.402627118644068
"2970",0.402341772151899
"2971",0.415384615384615
"2972",0.415384615384615
"2973",0.415384615384615
"2974",0.388765957446809
"2975",0.388765957446809
"2976",0.394471544715447
"2977",0.335
"2978",0.335
"2979",0.44
"2980",0.518115942028985
"2981",0.420806451612903
"2982",0.379831460674157
"2983",0.380862068965517
"2984",0.380862068965517
"2985",0.377147887323944
"2986",0.373172205438067
"2987",0.373172205438067
"2988",0.378541666666667
"2989",0.378541666666667
"2990",0.386702412868633
"2991",0.384953051643193
"2992",0.384953051643193
"2993",0.335
"2994",0.43
"2995",0.43
"2996",0.43
"2997",0.43
"2998",0.43
"2999",0.43
"3000",0.43
"3001",0.43
"3002",0.43
"3003",0.43
"3004",0.43
"3005",0.43
"3006",0.443255813953488
"3007",0.443255813953488
"3008",0.441176470588235
"3009",0.335
"3010",0.335
"3011",0.468
"3012",0.468
"3013",0.371272727272727
"3014",0.403205128205128
"3015",0.421739130434783
"3016",0.411730769230769
"3017",0.411730769230769
"3018",0.407987804878049
"3019",0.407987804878049
"3020",0.3765625
"3021",0.3765625
"3022",0.3765625
"3023",0.38071875
"3024",0.358994845360825
"3025",0.335
"3026",0.335
"3027",0.595217391304348
"3028",0.419636363636364
"3029",0.431532258064516
"3030",0.369023255813954
"3031",0.337194719471947
"3032",0.337194719471947
"3033",0.337194719471947
"3034",0.352051282051282
"3035",0.346163069544364
"3036",0.348449438202247
"3037",0.3692
"3038",0.373218390804598
"3039",0.37624810892587
"3040",0.37624810892587
"3041",0.335
"3042",0.374117647058824
"3043",0.408888888888889
"3044",0.408888888888889
"3045",0.435467625899281
"3046",0.415046296296296
"3047",0.343636363636364
"3048",0.338575268817204
"3049",0.335
"3050",0.33784188034188
"3051",0.33784188034188
"3052",0.33784188034188
"3053",0.33784188034188
"3054",0.328876611418048
"3055",0.328876611418048
"3056",0.328876611418048
"3057",0.335
"3058",0.335
"3059",0.346666666666667
"3060",0.328899082568807
"3061",0.328899082568807
"3062",0.328899082568807
"3063",0.328899082568807
"3064",0.328899082568807
"3065",0.33
"3066",0.33
"3067",0.33
"3068",0.33
"3069",0.354910179640719
"3070",0.354910179640719
"3071",0.349910313901345
"3072",0.360041841004184
"3073",0.335
"3074",0.335
"3075",0.463333333333333
"3076",0.463333333333333
"3077",0.463333333333333
"3078",0.463333333333333
"3079",0.463333333333333
"3080",0.490987654320988
"3081",0.453565891472868
"3082",0.490987654320988
"3083",0.51
"3084",0.505743243243243
"3085",0.490497512437811
"3086",0.461789883268483
"3087",0.430607028753994
"3088",0.430607028753994
"3089",0.335
"3090",0.335
"3091",0.360576923076923
"3092",0.360576923076923
"3093",0.360576923076923
"3094",0.360576923076923
"3095",0.360576923076923
"3096",0.360576923076923
"3097",0.360576923076923
"3098",0.360576923076923
"3099",0.360576923076923
"3100",0.360576923076923
"3101",0.360576923076923
"3102",0.360576923076923
"3103",0.360576923076923
"3104",0.360576923076923
"3105",0.335
"3106",0.326133333333333
"3107",0.326133333333333
"3108",0.326133333333333
"3109",0.326133333333333
"3110",0.326133333333333
"3111",0.326133333333333
"3112",0.326133333333333
"3113",0.326133333333333
"3114",0.326133333333333
"3115",0.326133333333333
"3116",0.326133333333333
"3117",0.335
"3118",0.335
"3119",0.335
"3120",0.335
"3121",0.335
"3122",0.42025641025641
"3123",0.42025641025641
"3124",0.526091954022988
"3125",0.473741007194245
"3126",0.473741007194245
"3127",0.472721893491124
"3128",0.400900900900901
"3129",0.391025641025641
"3130",0.363384146341463
"3131",0.371653543307087
"3132",0.368709677419355
"3133",0.362366255144033
"3134",0.364555555555556
"3135",0.356235294117647
"3136",0.342262090483619
"3137",0.335
"3138",0.43
"3139",0.43
"3140",0.473741007194245
"3141",0.489431279620853
"3142",0.489431279620853
"3143",0.476341463414634
"3144",0.468
"3145",0.468
"3146",0.46375854214123
"3147",0.475452586206897
"3148",0.466577540106952
"3149",0.457769230769231
"3150",0.459051987767584
"3151",0.463947368421053
"3152",0.464102564102564
"3153",0.335
"3154",0.335
"3155",0.235957446808511
"3156",0.235957446808511
"3157",0.235957446808511
"3158",0.235957446808511
"3159",0.253571428571429
"3160",0.253571428571429
"3161",0.253571428571429
"3162",0.253571428571429
"3163",0.32
"3164",0.32
"3165",0.32
"3166",0.32
"3167",0.32
"3168",0.32
"3169",0.335
"3170",0.408888888888889
"3171",0.408888888888889
"3172",0.443255813953488
"3173",0.470860215053763
"3174",0.423356643356643
"3175",0.423356643356643
"3176",0.423356643356643
"3177",0.423214285714286
"3178",0.423214285714286
"3179",0.423214285714286
"3180",0.422262443438914
"3181",0.426374045801527
"3182",0.43068345323741
"3183",0.43068345323741
"3184",0.43068345323741
"3185",0.335
"3186",0.335
"3187",0.346666666666667
"3188",0.388505747126437
"3189",0.386153846153846
"3190",0.386153846153846
"3191",0.415794392523364
"3192",0.423949044585987
"3193",0.423949044585987
"3194",0.423949044585987
"3195",0.423949044585987
"3196",0.453864734299517
"3197",0.459846743295019
"3198",0.442666666666667
"3199",0.443085399449036
"3200",0.443085399449036
"3201",0.335
"3202",0.37
"3203",0.37
"3204",0.4148
"3205",0.4148
"3206",0.4148
"3207",0.4148
"3208",0.4148
"3209",0.4148
"3210",0.335
"3211",0.335
"3212",0.270645161290323
"3213",0.270645161290323
"3214",0.280714285714286
"3215",0.280714285714286
"3216",0.3084
"3217",0.335
"3218",0.335
"3219",0.344366197183099
"3220",0.344366197183099
"3221",0.344366197183099
"3222",0.214566929133858
"3223",0.265956284153005
"3224",0.270205128205128
"3225",0.263466135458167
"3226",0.263466135458167
"3227",0.263466135458167
"3228",0.281333333333333
"3229",0.270645161290323
"3230",0.309874055415617
"3231",0.32766004415011
"3232",0.329763779527559
"3233",0.335
"3234",0.335
"3235",0.335
"3236",0.335
"3237",0.408888888888889
"3238",0.366666666666667
"3239",0.366666666666667
"3240",0.366666666666667
"3241",0.366666666666667
"3242",0.4072
"3243",0.4072
"3244",0.401851851851852
"3245",0.414311926605505
"3246",0.39625
"3247",0.403297297297297
"3248",0.397846153846154
"3249",0.335
"3250",0.335
"3251",0.452352941176471
"3252",0.418125
"3253",0.392327586206897
"3254",0.420058139534884
"3255",0.417389380530973
"3256",0.417389380530973
"3257",0.417389380530973
"3258",0.410460992907801
"3259",0.410460992907801
"3260",0.410460992907801
"3261",0.414982817869416
"3262",0.428858858858859
"3263",0.422185089974293
"3264",0.422185089974293
"3265",0.335
"3266",0.335
"3267",0.335
"3268",0.357931034482759
"3269",0.410283018867925
"3270",0.409929577464789
"3271",0.399794871794872
"3272",0.399794871794872
"3273",0.399794871794872
"3274",0.399794871794872
"3275",0.414311926605505
"3276",0.427904411764706
"3277",0.424207317073171
"3278",0.421239193083574
"3279",0.403333333333333
"3280",0.403333333333333
"3281",0.335
"3282",0.408888888888889
"3283",0.3765625
"3284",0.3765625
"3285",0.324098360655738
"3286",0.351219512195122
"3287",0.351219512195122
"3288",0.376134020618557
"3289",0.376134020618557
"3290",0.418125
"3291",0.418125
"3292",0.428904899135447
"3293",0.426032482598608
"3294",0.428333333333333
"3295",0.434213709677419
"3296",0.453490909090909
"3297",0.335
"3298",0.261111111111111
"3299",0.289137931034483
"3300",0.295364238410596
"3301",0.295364238410596
"3302",0.295364238410596
"3303",0.295364238410596
"3304",0.292371794871795
"3305",0.292371794871795
"3306",0.352227979274612
"3307",0.330316901408451
"3308",0.330316901408451
"3309",0.308551136363636
"3310",0.31548532731377
"3311",0.31548532731377
"3312",0.310560928433269
"3313",0.335
"3314",0.460289855072464
"3315",0.460289855072464
"3316",0.486666666666667
"3317",0.486666666666667
"3318",0.420594059405941
"3319",0.420594059405941
"3320",0.420594059405941
"3321",0.420594059405941
"3322",0.417063829787234
"3323",0.42766393442623
"3324",0.42929104477612
"3325",0.42929104477612
"3326",0.42929104477612
"3327",0.43475
"3328",0.431098265895954
"3329",0.335
"3330",0.335
"3331",0.397735849056604
"3332",0.397735849056604
"3333",0.34264367816092
"3334",0.34264367816092
"3335",0.406762589928058
"3336",0.415722543352601
"3337",0.398190045248869
"3338",0.377984790874525
"3339",0.370498220640569
"3340",0.377190332326284
"3341",0.377190332326284
"3342",0.404806629834254
"3343",0.405530303030303
"3344",0.405530303030303
"3345",0.335
"3346",0.346666666666667
"3347",0.317027027027027
"3348",0.317027027027027
"3349",0.317027027027027
"3350",0.317027027027027
"3351",0.317027027027027
"3352",0.329411764705882
"3353",0.36593023255814
"3354",0.36593023255814
"3355",0.363
"3356",0.348571428571429
"3357",0.348571428571429
"3358",0.348571428571429
"3359",0.35056856187291
"3360",0.35056856187291
"3361",0.335
"3362",0.37530303030303
"3363",0.37530303030303
"3364",0.42651376146789
"3365",0.42651376146789
"3366",0.42651376146789
"3367",0.434253731343284
"3368",0.463928571428572
"3369",0.447272727272727
"3370",0.428782051282051
"3371",0.428782051282051
"3372",0.428782051282051
"3373",0.420524934383202
"3374",0.420524934383202
"3375",0.429509043927649
"3376",0.417921760391198
"3377",0.335
"3378",0.423666666666667
"3379",0.423666666666667
"3380",0.389185185185185
"3381",0.395454545454545
"3382",0.390416666666667
"3383",0.380798898071625
"3384",0.379571045576408
"3385",0.379553349875931
"3386",0.374927536231884
"3387",0.374927536231884
"3388",0.382776699029126
"3389",0.369881556683587
"3390",0.38490045941807
"3391",0.382848751835536
"3392",0.38926694329184
"3393",0.335
"3394",0.335
"3395",0.556666666666667
"3396",0.562278481012658
"3397",0.547525773195876
"3398",0.547525773195876
"3399",0.515562913907285
"3400",0.515562913907285
"3401",0.546759776536313
"3402",0.522564102564103
"3403",0.528064516129032
"3404",0.528064516129032
"3405",0.527111111111111
"3406",0.544236760124611
"3407",0.518936170212766
"3408",0.503215130023641
"3409",0.335
"3410",0.413235294117647
"3411",0.413235294117647
"3412",0.335
"3413",0.340683760683761
"3414",0.3660103626943
"3415",0.33250936329588
"3416",0.33250936329588
"3417",0.33250936329588
"3418",0.33250936329588
"3419",0.33250936329588
"3420",0.33250936329588
"3421",0.343866666666667
"3422",0.343866666666667
"3423",0.349148936170213
"3424",0.349148936170213
"3425",0.335
"3426",0.335
"3427",0.335
"3428",0.506
"3429",0.414311926605505
"3430",0.454604316546763
"3431",0.454604316546763
"3432",0.454604316546763
"3433",0.454604316546763
"3434",0.466305732484076
"3435",0.43
"3436",0.43
"3437",0.43
"3438",0.429251968503937
"3439",0.443660130718954
"3440",0.425052083333333
"3441",0.335
"3442",0.335
"3443",0.43
"3444",0.43
"3445",0.424864864864865
"3446",0.418823529411765
"3447",0.418823529411765
"3448",0.424328358208955
"3449",0.391
"3450",0.391
"3451",0.433408071748879
"3452",0.4441015625
"3453",0.416516129032258
"3454",0.416516129032258
"3455",0.416516129032258
"3456",0.415384615384615
"3457",0.335
"3458",0.335
"3459",0.347090909090909
"3460",0.347090909090909
"3461",0.36825
"3462",0.345230769230769
"3463",0.345230769230769
"3464",0.345230769230769
"3465",0.348211920529801
"3466",0.348211920529801
"3467",0.361336633663366
"3468",0.3194140625
"3469",0.3194140625
"3470",0.3194140625
"3471",0.316398601398601
"3472",0.316398601398601
"3473",0.335
"3474",0.40625
"3475",0.410173913043478
"3476",0.410173913043478
"3477",0.338445595854922
"3478",0.353820754716981
"3479",0.346465517241379
"3480",0.346465517241379
"3481",0.365692307692308
"3482",0.365692307692308
"3483",0.365692307692308
"3484",0.378284023668639
"3485",0.388545454545454
"3486",0.368322440087146
"3487",0.368322440087146
"3488",0.368322440087146
"3489",0.335
"3490",0.4775
"3491",0.4775
"3492",0.4775
"3493",0.4775
"3494",0.4775
"3495",0.4775
"3496",0.462884615384615
"3497",0.462884615384615
"3498",0.487522935779816
"3499",0.48928
"3500",0.470939226519337
"3501",0.470939226519337
"3502",0.475673076923077
"3503",0.459349593495935
"3504",0.457324414715719
"3505",0.335
"3506",0.452352941176471
"3507",0.476060606060606
"3508",0.476060606060606
"3509",0.476060606060606
"3510",0.476060606060606
"3511",0.476060606060606
"3512",0.492181818181818
"3513",0.490166666666667
"3514",0.444690721649485
"3515",0.386914498141264
"3516",0.386914498141264
"3517",0.364839743589744
"3518",0.364839743589744
"3519",0.348782383419689
"3520",0.348782383419689
"3521",0.335
"3522",0.335
"3523",0.363913043478261
"3524",0.363913043478261
"3525",0.363913043478261
"3526",0.380862068965517
"3527",0.380862068965517
"3528",0.418125
"3529",0.418125
"3530",0.419636363636364
"3531",0.4015
"3532",0.4015
"3533",0.427849056603774
"3534",0.422323232323232
"3535",0.434457478005865
"3536",0.436269035532995
"3537",0.335
"3538",0.392826086956522
"3539",0.392826086956522
"3540",0.392826086956522
"3541",0.392826086956522
"3542",0.392826086956522
"3543",0.392826086956522
"3544",0.392826086956522
"3545",0.445833333333333
"3546",0.445833333333333
"3547",0.445833333333333
"3548",0.468
"3549",0.425846994535519
"3550",0.406139534883721
"3551",0.406139534883721
"3552",0.411504424778761
"3553",0.335
"3554",0.335
"3555",0.335
"3556",0.335
"3557",0.236481481481481
"3558",0.341214953271028
"3559",0.273803680981595
"3560",0.273803680981595
"3561",0.273803680981595
"3562",0.291153846153846
"3563",0.331624365482234
"3564",0.331787439613527
"3565",0.331787439613527
"3566",0.319770992366412
"3567",0.319770992366412
"3568",0.319770992366412
"3569",0.335
"3570",0.335
"3571",0.335
"3572",0.371944444444444
"3573",0.371944444444444
"3574",0.335
"3575",0.42
"3576",0.435205479452055
"3577",0.435205479452055
"3578",0.476489361702128
"3579",0.476489361702128
"3580",0.476489361702128
"3581",0.46126582278481
"3582",0.454474576271187
"3583",0.468
"3584",0.468
"3585",0.335
"3586",0.335
"3587",0.153636363636364
"3588",0.308818897637795
"3589",0.310140186915888
"3590",0.307967479674797
"3591",0.305160256410257
"3592",0.286341463414634
"3593",0.291291079812207
"3594",0.298055555555556
"3595",0.298055555555556
"3596",0.312243346007605
"3597",0.315817307692308
"3598",0.3217
"3599",0.330796460176991
"3600",0.330796460176991
"3601",0.335
"3602",0.335
"3603",0.335
"3604",0.44
"3605",0.44
"3606",0.44
"3607",0.44
"3608",0.44
"3609",0.329009009009009
"3610",0.314848484848485
"3611",0.331756097560976
"3612",0.331756097560976
"3613",0.331756097560976
"3614",0.331756097560976
"3615",0.331756097560976
"3616",0.306756756756757
"3617",0.335
"3618",0.81
"3619",0.81
"3620",0.50125
"3621",0.508235294117647
"3622",0.4224
"3623",0.427272727272727
"3624",0.412325581395349
"3625",0.393106796116505
"3626",0.393106796116505
"3627",0.37586592178771
"3628",0.373298429319372
"3629",0.381395348837209
"3630",0.381395348837209
"3631",0.381395348837209
"3632",0.362366255144033
"3633",0.335
"3634",0.315631067961165
"3635",0.315631067961165
"3636",0.345901639344262
"3637",0.304212962962963
"3638",0.304212962962963
"3639",0.318194945848375
"3640",0.318194945848375
"3641",0.318194945848375
"3642",0.318194945848375
"3643",0.332928348909657
"3644",0.353151364764268
"3645",0.353151364764268
"3646",0.362640586797066
"3647",0.354558823529412
"3648",0.354558823529412
"3649",0.335
"3650",0.335
"3651",0.403793103448276
"3652",0.403793103448276
"3653",0.403793103448276
"3654",0.36593023255814
"3655",0.36593023255814
"3656",0.36593023255814
"3657",0.386153846153846
"3658",0.398870056497175
"3659",0.398870056497175
"3660",0.398870056497175
"3661",0.398870056497175
"3662",0.421983122362869
"3663",0.438326693227092
"3664",0.442405498281787
"3665",0.335
"3666",0.274545454545455
"3667",0.393676470588235
"3668",0.393676470588235
"3669",0.393676470588235
"3670",0.394620689655172
"3671",0.393430962343096
"3672",0.411904761904762
"3673",0.420032786885246
"3674",0.417493670886076
"3675",0.417493670886076
"3676",0.393755020080321
"3677",0.389237588652482
"3678",0.389237588652482
"3679",0.391934931506849
"3680",0.391934931506849
"3681",0.335
"3682",0.335
"3683",0.335
"3684",0.398333333333333
"3685",0.398333333333333
"3686",0.443571428571429
"3687",0.465984848484849
"3688",0.487228915662651
"3689",0.487228915662651
"3690",0.50125
"3691",0.50125
"3692",0.473541666666667
"3693",0.473541666666667
"3694",0.473541666666667
"3695",0.449966101694915
"3696",0.449966101694915
"3697",0.335
"3698",0.335
"3699",0.335
"3700",0.335
"3701",0.335
"3702",0.380340909090909
"3703",0.398102189781022
"3704",0.420952380952381
"3705",0.420952380952381
"3706",0.420952380952381
"3707",0.420952380952381
"3708",0.44
"3709",0.473140096618357
"3710",0.441603053435114
"3711",0.441603053435114
"3712",0.441603053435114
"3713",0.335
"3714",0.460289855072464
"3715",0.460289855072464
"3716",0.489202898550725
"3717",0.489202898550725
"3718",0.51472972972973
"3719",0.51472972972973
"3720",0.486435643564356
"3721",0.490859375
"3722",0.466358024691358
"3723",0.463274111675127
"3724",0.47
"3725",0.45668085106383
"3726",0.45668085106383
"3727",0.456388888888889
"3728",0.458897338403042
"3729",0.335
"3730",0.335
"3731",0.335
"3732",0.370945945945946
"3733",0.32984496124031
"3734",0.32984496124031
"3735",0.354
"3736",0.297487179487179
"3737",0.348353413654619
"3738",0.345973597359736
"3739",0.345973597359736
"3740",0.355490196078431
"3741",0.355490196078431
"3742",0.355490196078431
"3743",0.364061696658098
"3744",0.341018099547511
"3745",0.335
"3746",0.475
"3747",0.475
"3748",0.475
"3749",0.45375
"3750",0.39259842519685
"3751",0.331554404145078
"3752",0.317027027027027
"3753",0.317027027027027
"3754",0.345168195718654
"3755",0.345168195718654
"3756",0.353333333333333
"3757",0.363774038461538
"3758",0.369420289855072
"3759",0.376959847036329
"3760",0.368699324324324
"3761",0.335
"3762",0.176666666666667
"3763",0.29469696969697
"3764",0.29469696969697
"3765",0.308818897637795
"3766",0.308818897637795
"3767",0.320222222222222
"3768",0.331787439613527
"3769",0.331787439613527
"3770",0.337472118959108
"3771",0.340816326530612
"3772",0.340816326530612
"3773",0.340816326530612
"3774",0.340816326530612
"3775",0.354463414634146
"3776",0.354463414634146
"3777",0.335
"3778",0.3825
"3779",0.3825
"3780",0.3825
"3781",0.3825
"3782",0.388918918918919
"3783",0.388918918918919
"3784",0.44496062992126
"3785",0.436705882352941
"3786",0.436705882352941
"3787",0.428926553672316
"3788",0.428926553672316
"3789",0.428926553672316
"3790",0.398767123287671
"3791",0.366436363636364
"3792",0.366436363636364
"3793",0.335
"3794",0.525
"3795",0.637272727272727
"3796",0.637272727272727
"3797",0.4946
"3798",0.447272727272727
"3799",0.447272727272727
"3800",0.447272727272727
"3801",0.447272727272727
"3802",0.447272727272727
"3803",0.401818181818182
"3804",0.365227272727273
"3805",0.367326388888889
"3806",0.367326388888889
"3807",0.364081632653061
"3808",0.364081632653061
"3809",0.335
"3810",0.335
"3811",0.317027027027027
"3812",0.317027027027027
"3813",0.468
"3814",0.468
"3815",0.481818181818182
"3816",0.445833333333333
"3817",0.416791443850267
"3818",0.416791443850267
"3819",0.416791443850267
"3820",0.406891891891892
"3821",0.421115107913669
"3822",0.420371621621622
"3823",0.420371621621622
"3824",0.441242603550296
"3825",0.335
"3826",0.335
"3827",0.335
"3828",0.335
"3829",0.335
"3830",0.366666666666667
"3831",0.366666666666667
"3832",0.366666666666667
"3833",0.3765625
"3834",0.3765625
"3835",0.381260869565217
"3836",0.356111111111111
"3837",0.362142857142857
"3838",0.362142857142857
"3839",0.347894736842105
"3840",0.347894736842105
"3841",0.335
"3842",0.225569620253165
"3843",0.225569620253165
"3844",0.225569620253165
"3845",0.269230769230769
"3846",0.323916666666667
"3847",0.321428571428571
"3848",0.360468085106383
"3849",0.345901639344262
"3850",0.352759643916914
"3851",0.350909090909091
"3852",0.375221774193548
"3853",0.359286956521739
"3854",0.359286956521739
"3855",0.365466034755134
"3856",0.365466034755134
"3857",0.335
"3858",0.335
"3859",0.403793103448276
"3860",0.403793103448276
"3861",0.403793103448276
"3862",0.403793103448276
"3863",0.386153846153846
"3864",0.408888888888889
"3865",0.45941935483871
"3866",0.456559139784946
"3867",0.456559139784946
"3868",0.426058091286307
"3869",0.426058091286307
"3870",0.418406779661017
"3871",0.418406779661017
"3872",0.434856230031949
"3873",0.335
"3874",0.335
"3875",0.326363636363636
"3876",0.326363636363636
"3877",0.326363636363636
"3878",0.326363636363636
"3879",0.326363636363636
"3880",0.326363636363636
"3881",0.326363636363636
"3882",0.326363636363636
"3883",0.326363636363636
"3884",0.326363636363636
"3885",0.326363636363636
"3886",0.326363636363636
"3887",0.326363636363636
"3888",0.326363636363636
"3889",0.335
"3890",0.335
"3891",0.335
"3892",0.416666666666667
"3893",0.438715596330275
"3894",0.43
"3895",0.426850828729282
"3896",0.426850828729282
"3897",0.401818181818182
"3898",0.401818181818182
"3899",0.390416666666667
"3900",0.386879432624113
"3901",0.386879432624113
"3902",0.386879432624113
"3903",0.386879432624113
"3904",0.386879432624113
"3905",0.335
"3906",0.335
"3907",0.455909090909091
"3908",0.42025641025641
"3909",0.481525423728814
"3910",0.431310344827586
"3911",0.431310344827586
"3912",0.431310344827586
"3913",0.431310344827586
"3914",0.439559748427673
"3915",0.430945273631841
"3916",0.425793357933579
"3917",0.422061281337047
"3918",0.422061281337047
"3919",0.407146226415094
"3920",0.407146226415094
"3921",0.335
"3922",0.335
"3923",0.335
"3924",0.297640449438202
"3925",0.297640449438202
"3926",0.329316239316239
"3927",0.329316239316239
"3928",0.378009950248756
"3929",0.378009950248756
"3930",0.359834024896266
"3931",0.349323076923077
"3932",0.349323076923077
"3933",0.349323076923077
"3934",0.349323076923077
"3935",0.349323076923077
"3936",0.351487603305785
"3937",0.335
"3938",0.335
"3939",0.335
"3940",0.128620689655172
"3941",0.257117117117117
"3942",0.257117117117117
"3943",0.269590163934426
"3944",0.269590163934426
"3945",0.269590163934426
"3946",0.269590163934426
"3947",0.269590163934426
"3948",0.339463087248322
"3949",0.339463087248322
"3950",0.356923076923077
"3951",0.365227272727273
"3952",0.365227272727273
"3953",0.335
"3954",0.584375
"3955",0.584375
"3956",0.584375
"3957",0.393676470588235
"3958",0.418125
"3959",0.418125
"3960",0.362874251497006
"3961",0.368066298342541
"3962",0.346271186440678
"3963",0.346271186440678
"3964",0.346271186440678
"3965",0.36251724137931
"3966",0.36251724137931
"3967",0.369322580645161
"3968",0.369616438356164
"3969",0.335
"3970",0.507407407407408
"3971",0.37224
"3972",0.368489208633093
"3973",0.368489208633093
"3974",0.368489208633093
"3975",0.384875
"3976",0.342702702702703
"3977",0.33126404494382
"3978",0.33126404494382
"3979",0.348886310904872
"3980",0.348886310904872
"3981",0.348886310904872
"3982",0.348886310904872
"3983",0.348886310904872
"3984",0.365407554671968
"3985",0.335
"3986",0.335
"3987",0.355567010309278
"3988",0.355567010309278
"3989",0.355567010309278
"3990",0.355567010309278
"3991",0.395454545454545
"3992",0.414594594594595
"3993",0.433596214511041
"3994",0.449895287958115
"3995",0.444725
"3996",0.451611374407583
"3997",0.446309012875537
"3998",0.43839222614841
"3999",0.442405498281787
"4000",0.45544901065449
"4001",0.335
"4002",0.335
"4003",0.335
"4004",0.335
"4005",0.335
"4006",0.350833333333333
"4007",0.423666666666667
"4008",0.425681818181818
"4009",0.425681818181818
"4010",0.419
"4011",0.419
"4012",0.426910569105691
"4013",0.426910569105691
"4014",0.428661971830986
"4015",0.424970588235294
"4016",0.395454545454545
"4017",0.335
"4018",0.355567010309278
"4019",0.355567010309278
"4020",0.355567010309278
"4021",0.378057553956835
"4022",0.379333333333333
"4023",0.399354838709677
"4024",0.41600566572238
"4025",0.408096514745308
"4026",0.412882882882883
"4027",0.413235294117647
"4028",0.405
"4029",0.419945255474453
"4030",0.419945255474453
"4031",0.430674955595027
"4032",0.439559748427673
"4033",0.335
"4034",0.43475
"4035",0.43475
"4036",0.43475
"4037",0.45375
"4038",0.45375
"4039",0.394375
"4040",0.445833333333333
"4041",0.435757575757576
"4042",0.44496062992126
"4043",0.44496062992126
"4044",0.445833333333333
"4045",0.445833333333333
"4046",0.435150602409639
"4047",0.417694300518135
"4048",0.426607142857143
"4049",0.335
"4050",0.243275862068966
"4051",0.243275862068966
"4052",0.217647058823529
"4053",0.217647058823529
"4054",0.217647058823529
"4055",0.276075949367089
"4056",0.276075949367089
"4057",0.276075949367089
"4058",0.276075949367089
"4059",0.276075949367089
"4060",0.293865979381443
"4061",0.302822580645161
"4062",0.312584269662921
"4063",0.307022653721683
"4064",0.307022653721683
"4065",0.335
"4066",0.335
"4067",0.6675
"4068",0.532702702702703
"4069",0.532702702702703
"4070",0.419444444444444
"4071",0.428834355828221
"4072",0.418125
"4073",0.418125
"4074",0.39490990990991
"4075",0.392410071942446
"4076",0.392410071942446
"4077",0.392410071942446
"4078",0.400507462686567
"4079",0.400507462686567
"4080",0.400507462686567
"4081",0.335
"4082",0.335
"4083",0.335
"4084",0.265
"4085",0.335
"4086",0.335
"4087",0.363098591549296
"4088",0.419754901960784
"4089",0.428006993006993
"4090",0.413957783641161
"4091",0.411080508474576
"4092",0.413714285714286
"4093",0.413714285714286
"4094",0.413714285714286
"4095",0.405744680851064
"4096",0.390246153846154
"4097",0.335
"4098",0.335
"4099",0.37
"4100",0.37
"4101",0.37
"4102",0.342
"4103",0.346946107784431
"4104",0.327051792828685
"4105",0.327051792828685
"4106",0.327051792828685
"4107",0.32984496124031
"4108",0.318045325779037
"4109",0.331424731182796
"4110",0.333525498891353
"4111",0.327583643122677
"4112",0.320080128205128
"4113",0.335
"4114",0.335
"4115",0.335
"4116",0.348571428571429
"4117",0.419893617021277
"4118",0.419893617021277
"4119",0.419893617021277
"4120",0.445833333333333
"4121",0.436551724137931
"4122",0.462238267148014
"4123",0.462238267148014
"4124",0.462238267148014
"4125",0.468
"4126",0.468
"4127",0.468
"4128",0.468
"4129",0.335
"4130",0.335
"4131",0.335
"4132",0.335
"4133",0.396701030927835
"4134",0.410173913043478
"4135",0.432945736434109
"4136",0.436195652173913
"4137",0.436195652173913
"4138",0.421255230125523
"4139",0.421255230125523
"4140",0.408888888888889
"4141",0.408888888888889
"4142",0.408888888888889
"4143",0.408888888888889
"4144",0.400900900900901
"4145",0.335
"4146",0.433518518518519
"4147",0.433518518518519
"4148",0.386153846153846
"4149",0.454358974358974
"4150",0.454358974358974
"4151",0.454358974358974
"4152",0.442666666666667
"4153",0.442666666666667
"4154",0.442666666666667
"4155",0.442666666666667
"4156",0.448132780082988
"4157",0.448132780082988
"4158",0.44023569023569
"4159",0.43878612716763
"4160",0.443684210526316
"4161",0.335
"4162",0.335
"4163",0.346666666666667
"4164",0.3616
"4165",0.3616
"4166",0.32984496124031
"4167",0.32984496124031
"4168",0.325633802816901
"4169",0.31421875
"4170",0.316153846153846
"4171",0.316153846153846
"4172",0.316153846153846
"4173",0.330596026490066
"4174",0.348112676056338
"4175",0.350306905370844
"4176",0.350306905370844
"4177",0.335
"4178",0.335
"4179",0.417333333333333
"4180",0.408115183246073
"4181",0.408115183246073
"4182",0.408115183246073
"4183",0.408115183246073
"4184",0.408115183246073
"4185",0.378988326848249
"4186",0.378988326848249
"4187",0.381282051282051
"4188",0.353169398907104
"4189",0.354426966292135
"4190",0.367032755298651
"4191",0.367195325542571
"4192",0.365757575757576
"4193",0.335
"4194",0.335
"4195",0.395454545454545
"4196",0.435757575757576
"4197",0.392251655629139
"4198",0.396196319018405
"4199",0.420412844036697
"4200",0.420412844036697
"4201",0.36593023255814
"4202",0.356451612903226
"4203",0.365056497175141
"4204",0.365056497175141
"4205",0.365056497175141
"4206",0.365056497175141
"4207",0.365056497175141
"4208",0.362708333333333
"4209",0.335
"4210",0.468
"4211",0.468
"4212",0.454918032786885
"4213",0.469378238341969
"4214",0.466022304832714
"4215",0.447924528301887
"4216",0.425681818181818
"4217",0.426421845574388
"4218",0.4225
"4219",0.420573643410853
"4220",0.432156028368794
"4221",0.435455680399501
"4222",0.43475
"4223",0.435107526881721
"4224",0.423932135728543
"4225",0.335
"4226",0.335
"4227",0.226181818181818
"4228",0.226181818181818
"4229",0.365504587155963
"4230",0.365504587155963
"4231",0.365504587155963
"4232",0.428834355828221
"4233",0.428834355828221
"4234",0.428834355828221
"4235",0.434198895027624
"4236",0.435205479452055
"4237",0.435428571428571
"4238",0.472433333333333
"4239",0.438189655172414
"4240",0.436440677966102
"4241",0.335
"4242",0.37530303030303
"4243",0.37530303030303
"4244",0.43
"4245",0.432893401015228
"4246",0.454918032786885
"4247",0.448536585365854
"4248",0.430535211267606
"4249",0.430535211267606
"4250",0.430535211267606
"4251",0.430535211267606
"4252",0.439004739336493
"4253",0.439004739336493
"4254",0.435290023201856
"4255",0.435290023201856
"4256",0.435846153846154
"4257",0.335
"4258",0.335
"4259",0.384259259259259
"4260",0.384259259259259
"4261",0.384259259259259
"4262",0.453084112149533
"4263",0.4929375
"4264",0.4929375
"4265",0.503253012048193
"4266",0.503253012048193
"4267",0.472903225806452
"4268",0.450332103321033
"4269",0.442541254125413
"4270",0.457834394904459
"4271",0.457834394904459
"4272",0.438283378746594
"4273",0.335
"4274",0.335
"4275",0.335
"4276",0.344109589041096
"4277",0.344109589041096
"4278",0.246643356643357
"4279",0.246643356643357
"4280",0.246643356643357
"4281",0.246643356643357
"4282",0.262064516129032
"4283",0.262064516129032
"4284",0.262064516129032
"4285",0.262064516129032
"4286",0.262064516129032
"4287",0.252366863905326
"4288",0.252366863905326
"4289",0.335
"4290",0.335
"4291",0.381830985915493
"4292",0.381830985915493
"4293",0.411730769230769
"4294",0.447078651685393
"4295",0.460645161290323
"4296",0.463333333333333
"4297",0.435083612040134
"4298",0.435083612040134
"4299",0.435083612040134
"4300",0.435083612040134
"4301",0.435083612040134
"4302",0.448828828828829
"4303",0.450058651026393
"4304",0.466009975062344
"4305",0.335
"4306",0.423666666666667
"4307",0.423666666666667
"4308",0.43
"4309",0.357415730337079
"4310",0.357415730337079
"4311",0.389508196721312
"4312",0.389508196721312
"4313",0.389508196721312
"4314",0.4072
"4315",0.4072
"4316",0.361135371179039
"4317",0.361814516129032
"4318",0.387847682119205
"4319",0.387847682119205
"4320",0.387847682119205
"4321",0.335
"4322",0.335
"4323",0.596969696969697
"4324",0.455909090909091
"4325",0.453565891472868
"4326",0.469453551912568
"4327",0.475889830508475
"4328",0.469453551912568
"4329",0.469453551912568
"4330",0.469453551912568
"4331",0.469453551912568
"4332",0.469192825112108
"4333",0.456559139784946
"4334",0.456559139784946
"4335",0.44183606557377
"4336",0.432367601246106
"4337",0.335
"4338",0.3825
"4339",0.3825
"4340",0.389508196721312
"4341",0.389508196721312
"4342",0.414248704663212
"4343",0.396519823788546
"4344",0.402058823529412
"4345",0.402058823529412
"4346",0.384820846905537
"4347",0.384820846905537
"4348",0.331481481481481
"4349",0.331481481481481
"4350",0.331481481481481
"4351",0.331481481481481
"4352",0.331481481481481
"4353",0.335
"4354",0.35875
"4355",0.35875
"4356",0.35875
"4357",0.35875
"4358",0.35875
"4359",0.403793103448276
"4360",0.403793103448276
"4361",0.403793103448276
"4362",0.403793103448276
"4363",0.34463768115942
"4364",0.341855670103093
"4365",0.341855670103093
"4366",0.355151515151515
"4367",0.3528125
"4368",0.3528125
"4369",0.335
"4370",0.298727272727273
"4371",0.298727272727273
"4372",0.298727272727273
"4373",0.412
"4374",0.459133333333333
"4375",0.459133333333333
"4376",0.447650273224044
"4377",0.476903765690377
"4378",0.450750853242321
"4379",0.422902298850575
"4380",0.407425742574258
"4381",0.393078602620087
"4382",0.394679487179487
"4383",0.394679487179487
"4384",0.394679487179487
"4385",0.335
"4386",0.335
"4387",0.335
"4388",0.6675
"4389",0.41609756097561
"4390",0.41609756097561
"4391",0.41609756097561
"4392",0.41609756097561
"4393",0.41609756097561
"4394",0.41609756097561
"4395",0.398767123287671
"4396",0.43890625
"4397",0.433677419354839
"4398",0.420094786729858
"4399",0.397942386831276
"4400",0.382020202020202
"4401",0.335
"4402",0.335
"4403",0.426724137931035
"4404",0.426724137931035
"4405",0.426724137931035
"4406",0.426724137931035
"4407",0.426724137931035
"4408",0.426724137931035
"4409",0.426724137931035
"4410",0.399354838709677
"4411",0.410283018867925
"4412",0.416986301369863
"4413",0.416986301369863
"4414",0.391243781094527
"4415",0.383519313304721
"4416",0.40219512195122
"4417",0.335
"4418",0.576818181818182
"4419",0.424015748031496
"4420",0.424015748031496
"4421",0.424015748031496
"4422",0.424015748031496
"4423",0.424015748031496
"4424",0.405744680851064
"4425",0.405744680851064
"4426",0.406807511737089
"4427",0.426058091286307
"4428",0.420885608856089
"4429",0.433762376237624
"4430",0.433762376237624
"4431",0.433762376237624
"4432",0.388126721763085
"4433",0.335
"4434",0.335
"4435",0.408888888888889
"4436",0.408888888888889
"4437",0.364649681528662
"4438",0.403611111111111
"4439",0.403611111111111
"4440",0.403611111111111
"4441",0.39455223880597
"4442",0.39455223880597
"4443",0.39455223880597
"4444",0.39455223880597
"4445",0.363581661891117
"4446",0.352798053527981
"4447",0.364931506849315
"4448",0.363713298791019
"4449",0.335
"4450",0.303333333333333
"4451",0.335
"4452",0.376936936936937
"4453",0.376936936936937
"4454",0.376936936936937
"4455",0.376936936936937
"4456",0.363734567901235
"4457",0.363734567901235
"4458",0.370838323353294
"4459",0.370414201183432
"4460",0.370414201183432
"4461",0.370414201183432
"4462",0.361868686868687
"4463",0.336354378818737
"4464",0.336354378818737
"4465",0.335
"4466",0.349777777777778
"4467",0.347314814814815
"4468",0.347314814814815
"4469",0.347314814814815
"4470",0.383658536585366
"4471",0.383658536585366
"4472",0.408888888888889
"4473",0.408888888888889
"4474",0.408888888888889
"4475",0.427790697674419
"4476",0.427790697674419
"4477",0.427790697674419
"4478",0.449655172413793
"4479",0.445833333333333
"4480",0.439787878787879
